ID,Scheme Name,Category,Description,Min Income (?L),Max Income (?L),Min Loan (?L),Max Loan (?L),Interest Rate Min (%),Interest Rate Max (%),Moratorium Min (mo),Moratorium Max (mo),Max Tenure (mo),Coverage (%),Eligible Project Types,Education Required,Notes,Active,Short Name,Gender Eligibility,Age Min,Age Max,Documents Required,Channel Partner Types,Min Tenure (mo),Source,Last Updated,Scheme Type,Official Source,Official Source URL,Aliases,Current Official Name,Channel Partner Applicable,For SC?,For ST?,Target Beneficiary,State / Body,Level,Family Income Limit
1,Micro Credit Finance (MCF),micro_finance,Provides small loans to SC individuals for income-generating activities for projects costing up to ?1.40 lakh. Routed through SCAs and NBFC-MFIs.,,5,0.1,1.4,6.5,6.5,3,3,36,90,"[""small_trade"",""handicraft"",""animal_husbandry"",""agriculture"",""tailoring"",""beauty_services"",""food_processing"",""repair_services"",""petty_shop""]",FALSE,NSFDC lends to SCA @ 2.5%; SCA lends to beneficiary @ 6.5%. Repayment in quarterly instalments within 3 years including 3-month moratorium. Project cost up to ?1.40 lakh as per MoSJE PS 26092.,TRUE,,all,,,,,,official,2026-09-10,financing,National Scheduled Castes Finance and Development Corporation (NSFDC),https://nsfdc.nic.in/scheme,"[""Micro Credit Finance"",""MCF"",""MFS"",""Micro Finance Scheme""]",,TRUE,Yes,No,SC Only,National Scheduled Castes Finance and Development Corporation (NSFDC),Central,?3 lakh per annum
2,Mahila Samriddhi Yojana (MSY),micro_finance,Exclusive micro-credit scheme for SC women for small income-generating activities. Offered through SCAs and SHGs at a highly subsidised rate.,,5,0.05,1.4,4,4,3,6,42,90,"[""small_trade"",""tailoring"",""beauty_services"",""handicraft"",""food_processing"",""dairy"",""petty_shop"",""incense_making"",""pickle_making"",""weaving""]",FALSE,WOMEN ONLY. Concessional micro-credit up to ?1.40 lakh. NSFDC lends to SCA @ 1%; SCA lends to beneficiary @ 4%. Interest rebate of 0.5% for timely repayment.,TRUE,,women_only,,,,,,official,2026-09-10,financing,NSFDC & Ministry of Social Justice and Empowerment,https://nsfdc.nic.in/scheme,"[""Mahila Samriddhi Yojana"",""MSY"",""Mahila Samriddhi""]",,TRUE,Yes,No,SC Only,NSFDC & Ministry of Social Justice and Empowerment,Central,?3 lakh per annum
3,Mahila Adhikarita Yojana (MAY),entrepreneurship,"Concessional micro-credit scheme for SC women entrepreneurs and women farmers (formerly Mahila Kisan Yojana) to pursue agricultural, allied, and micro-business activities.",,5,0.1,2,5,5,12,12,120,90,"[""agriculture"",""horticulture"",""mixed_farming"",""dairy"",""poultry"",""fisheries"",""animal_husbandry"",""sericulture""]",FALSE,WOMEN ONLY. Officially represented as Mahila Adhikarita Yojana (MAY) for SC women in agriculture & enterprise.,TRUE,,women_only,,,,,,official,2026-09-10,financing,Ministry of Social Justice & Empowerment / NSFDC,https://dosje.gov.in,"[""Mahila Kisan Yojana"",""MKY"",""MAY"",""Mahila Kisan"",""Mahila Adhikarita""]",,TRUE,Yes,No,SC Only,Ministry of Social Justice & Empowerment / NSFDC,Central,?3 lakh per annum
4,Shilpi Samriddhi Yojana (SSY),term_loan,"Financial assistance for SC artisans (with priority for women artisans) for purchasing tools, raw materials, and setting up workshops. Requires an Artisan Identity Card issued by Ministry of Textiles or State Govt.",,5,0.1,2,5,5,6,6,72,90,"[""handicraft"",""weaving"",""pottery"",""wood_work"",""metal_craft"",""leather_craft"",""textile"",""bamboo_craft"",""stone_craft"",""embroidery"",""carpet_making""]",FALSE,ARTISANS & WOMEN ARTISANS. Artisan Identity Card mandatory. NSFDC lends to SCA @ 2%; SCA charges beneficiary @ 5%.,TRUE,,women_only,,,,,,official,2026-09-10,financing,NSFDC & Ministry of Textiles,https://nsfdc.nic.in/scheme,"[""Shilpi Samriddhi Yojana"",""Shishu Samriddhi Yojana"",""SSY"",""Shilpi Samriddhi""]",,TRUE,Yes,No,SC Only,NSFDC & Ministry of Textiles,Central,?3 lakh per annum
5,Term Loan (TL),entrepreneurship,"Flagship large project loan for SC entrepreneurs to set up or expand income-generating enterprises in agriculture, manufacturing, services, and allied sectors up to ?50 lakh. (Includes historical Utkarsh Loan category).",,5,0.5,50,6,8,6,12,120,90,"[""agriculture"",""dairy"",""poultry"",""fisheries"",""manufacturing"",""transport"",""flour_mill"",""rice_mill"",""grocery_wholesale"",""hardware"",""automobile_repair"",""construction"",""food_processing"",""hotel_restaurant"",""beauty_parlour"",""clinic"",""cold_storage"",""petrol_pump""]",FALSE,Flagship large project loan scheme up to ?50 lakh as per MoSJE PS 26092. NSFDC charges 4% to SCAs/CAs; beneficiaries pay 6.0–8.0% p.a.,TRUE,,all,,,,,,official,2026-09-10,financing,National Scheduled Castes Finance and Development Corporation (NSFDC),https://nsfdc.nic.in/scheme,"[""Term Loan"",""TL"",""Term Loan Scheme"",""Utkarsh Loan"",""Utkarsh Loan Scheme"",""Utkarsh""]",,TRUE,Yes,No,SC Only,National Scheduled Castes Finance and Development Corporation (NSFDC),Central,?3 lakh per annum
6,Green Business Scheme (GBS),entrepreneurship,"Loan for SC entrepreneurs to set up environment-friendly, climate-resilient businesses including electric vehicles (e-rickshaws), solar energy products, organic farming, and bio-gas.",,5,0.1,27,4,7,6,6,120,90,"[""electric_vehicle"",""e_rickshaw"",""solar_energy"",""organic_farming"",""poly_house"",""biogas"",""vermicompost"",""renewable_energy"",""compressed_air_vehicle"",""eco_tourism"",""waste_recycling""]",FALSE,Concessional interest rate for green & eco-friendly activities. Max project cost ?30 lakh; loan up to 90%.,TRUE,,all,,,,,,official,2026-09-10,financing,NSFDC & Ministry of Social Justice and Empowerment,https://nsfdc.nic.in/scheme,"[""Green Business Scheme"",""GBS"",""Green Business""]",,TRUE,Yes,No,SC Only,NSFDC & Ministry of Social Justice and Empowerment,Central,?3 lakh per annum
7,Swachhta Udyami Yojana (SUY),entrepreneurship,"Loan scheme under Swachh Bharat Mission specifically for SC communities and safai karamcharis to set up sanitation enterprises, mechanized cleaning, and suction machinery.",,5,0.1,13.5,4,4,6,6,120,90,"[""sanitation_enterprise"",""waste_collection"",""waste_recycling"",""toilet_construction"",""sewage_cleaning_machinery"",""garbage_transport"",""bio_toilet"",""laundry_laundromat""]",FALSE,Targeted for safai karamcharis & manual scavengers under Swachh Bharat Mission. Beneficiary rate 4.0% p.a.,TRUE,,all,,,,,,official,2026-09-10,financing,NSFDC & Swachh Bharat Mission (MoSJE),https://nsfdc.nic.in/scheme,"[""Swachhta Udyami Yojana"",""SUY"",""Swachhta Udyami""]",,TRUE,Yes,No,SC Only,NSFDC & Swachh Bharat Mission (MoSJE),Central,?3 lakh per annum
8,Udyam Nidhi Yojana (UNY),entrepreneurship,"Loan routed through Cooperative Societies, Cooperative Banks, and Small Finance Banks (SFBs) for SC individuals for small and micro business activities up to ?5.00 lakh. (Includes historical Laghu Vyavasaya Yojana / LVY).",,5,0.1,4.5,13,15,3,3,60,90,"[""small_trade"",""micro_enterprise"",""handicraft"",""agriculture"",""petty_shop"",""repair_services"",""services"",""manufacturing_small""]",FALSE,Routed EXCLUSIVELY through Cooperative Banks (13% interest) and Small Finance Banks (15% interest). Max loan ?4.50 lakh.,TRUE,,all,,,,,,official,2026-09-10,financing,National Scheduled Castes Finance and Development Corporation (NSFDC),https://nsfdc.nic.in/scheme,"[""Udyam Nidhi Yojana"",""UNY"",""Udyam Nidhi"",""Laghu Vyavasaya Yojana"",""LVY"",""Laghu Vyavasaya""]",,TRUE,Yes,No,SC Only,National Scheduled Castes Finance and Development Corporation (NSFDC),Central,?3 lakh per annum
9,Aajeevika Microfinance Yojana (AMY),micro_finance,Micro-credit for SC individuals provided through selected NBFC-MFIs to pursue small and micro business activities for projects costing up to ?1.40 lakh.,,5,0.05,1.4,15,15,3,3,36,90,"[""small_trade"",""micro_enterprise"",""handicraft"",""petty_shop"",""animal_husbandry"",""repair_services"",""food_processing"",""tailoring""]",FALSE,Routed EXCLUSIVELY through selected NBFC-MFIs for micro projects up to ?1.40 lakh. Beneficiary rate 15% p.a. (NSFDC charges NBFC-MFI 5%).,TRUE,,all,,,,,,official,2026-09-10,financing,National Scheduled Castes Finance and Development Corporation (NSFDC),https://nsfdc.nic.in/scheme,"[""Aajeevika Microfinance Yojana"",""AMY"",""Aajeevika Micro-Finance""]",,TRUE,Yes,No,SC Only,National Scheduled Castes Finance and Development Corporation (NSFDC),Central,?3 lakh per annum
10,Educational Loan Scheme (ELS),education_loan,"Covers tuition fees, hostel charges, books, and equipment for SC students pursuing full-time professional or technical recognized courses in India or abroad up to ?40.00 lakh.",,5,0.1,40,6.5,6.5,12,12,144,90,"[""education"",""engineering"",""medicine"",""dentistry"",""management"",""law"",""architecture"",""nursing"",""hotel_management"",""pharmacy"",""it_courses"",""doctoral_studies"",""ca_icwa"",""pilot_training"",""mba"",""mca""]",TRUE,Max loan ?40.00 lakh or 90% of course fee. Beneficiary interest rate 6.5% p.a. Moratorium = course duration + 1 year.,TRUE,,all,,,,,,official,2026-09-10,financing,National Scheduled Castes Finance and Development Corporation (NSFDC),https://nsfdc.nic.in/scheme,"[""Educational Loan Scheme"",""ELS"",""Education Loan""]",,TRUE,Yes,No,SC Only,National Scheduled Castes Finance and Development Corporation (NSFDC),Central,?3 lakh per annum
11,Vocational Education & Training Loan Scheme (VETLS),education_loan,"Loan for SC youth to pursue non-degree vocational and skill-development courses (duration 6 months to 2 years) from ITIs, polytechnics, and recognized skill training institutes up to ?4.00 lakh.",,5,0.05,4,4,4,6,12,84,90,"[""vocational_training"",""skill_development"",""iti_courses"",""polytechnic"",""computer_training"",""beautician_course"",""electrician"",""plumbing"",""carpentry"",""motor_mechanic"",""welding"",""nursing_aide"",""data_entry""]",TRUE,Loan up to ?4.00 lakh for vocational skill courses. Interest @ 4.0% p.a. Repayment over 7 years.,TRUE,,all,,,,,,official,2026-09-10,financing,NSFDC & Ministry of Social Justice and Empowerment,https://nsfdc.nic.in/scheme,"[""Vocational Education & Training Loan Scheme"",""VETLS"",""Vocational Loan""]",,TRUE,Yes,No,SC Only,NSFDC & Ministry of Social Justice and Empowerment,Central,?3 lakh per annum
12,PM-DAKSH Skill Development Programme,skill_development,"100% free government skill development training programme implemented by MoSJE through NSFDC, NBCFDC, and NSKFDC. Provides free upskilling/reskilling training and stipends to SC youth; not a loan scheme.",,5,0,0,0,0,0,0,0,0,"[""skill_development"",""vocational_training"",""reskilling"",""upskilling"",""stipend_training""]",FALSE,INFORMATIONAL PROGRAMME ONLY. Free skill training & stipend program under pmdaksh.dosje.gov.in. Not a loan scheme and not routed to financial channel partners.,TRUE,,all,,,,,,official,2026-09-10,informational,Ministry of Social Justice and Empowerment (MoSJE),https://pmdaksh.dosje.gov.in,"[""PM-DAKSH"",""PM DAKSH"",""Pradhan Mantri Dakshta"",""Skill Development Training""]",,FALSE,Yes,No,SC Only,Ministry of Social Justice and Empowerment (MoSJE),Central,?3 lakh per annum
13,SMILE (Support for Marginalized Individuals),other_programme,"Official umbrella welfare and rehabilitation programme by MoSJE for marginalized individuals, including transgender persons and persons engaged in act of begging. Provides welfare information and support; not part of the NSFDC channel-partner loan routing flow.",,5,0,0,0,0,0,0,0,0,"[""rehabilitation"",""welfare"",""transgender_support"",""livelihood_support"",""social_security""]",FALSE,INFORMATIONAL PROGRAMME ONLY. Implemented directly by MoSJE welfare departments. Not part of NSFDC financial channel partner loan routing flow.,TRUE,,all,,,,,,official,2026-09-10,informational,Ministry of Social Justice and Empowerment (MoSJE),https://dosje.gov.in,"[""SMILE"",""SMILE Scheme"",""Support for Marginalized Individuals""]",,FALSE,Yes,No,SC Only,Ministry of Social Justice and Empowerment (MoSJE),Central,?3 lakh per annum
14,Stand-Up India Scheme,entrepreneurship,National Government of India initiative launched by the Ministry of Finance / SIDBI to facilitate bank loans between ?10 lakh and ?1 crore to SC/ST and women borrowers for greenfield enterprises. Disbursed directly by Scheduled Commercial Banks.,,5,10,100,8,10,6,18,84,85,"[""greenfield_enterprise"",""manufacturing"",""services"",""trading"",""agri_allied""]",FALSE,INFORMATIONAL PROGRAMME ONLY. Inter-ministerial scheme disbursed by Scheduled Commercial Banks via standupmitra.in. Not an NSFDC-exclusive channel partner loan scheme.,TRUE,,all,,,,,,official,2026-09-10,informational,Ministry of Finance / SIDBI,https://standupmitra.in,"[""Stand-Up India"",""Standup India"",""Stand Up India""]",,FALSE,Yes,Yes,SC & ST,Ministry of Finance / SIDBI,Central,No income limit
15,Credit Enhancement Guarantee Scheme for Scheduled Castes (CEGSSC),entrepreneurship,Credit guarantee scheme enabling SC entrepreneurs to access bank loans for business by providing collateral-free guarantee cover up to 90% of loan amount.,,,,200,,,,,,,"[""manufacturing"",""services"",""trading"",""agri_allied""]",FALSE,Managed by IFCI Ltd. Encourages bank lending to SC entrepreneurs without collateral. Loan up to ?2 crore covered.,TRUE,,all,,,,,,official,2026-09-25,financing,Ministry of Social Justice & Empowerment / IFCI Ltd,https://dosje.gov.in,"[""CEGSSC"",""Credit Enhancement Guarantee Scheme""]",,FALSE,Yes,No,SC Only,Central,Central,No income limit
16,Special Credit Linked Capital Subsidy Scheme (SCLCSS),entrepreneurship,Capital subsidy of 25% on institutional credit for SC micro and small enterprises for technology upgradation.,,,,100,,,,,,,"[""manufacturing"",""technology_upgradation"",""micro_enterprise"",""small_enterprise""]",FALSE,Subsidy up to ?25 lakh on loans. Implemented via NSIC and banks for SC-owned MSMEs.,TRUE,,all,,,,,,official,2026-09-25,financing,Ministry of MSME / NSFDC,https://msme.gov.in,"[""SCLCSS"",""Special Credit Linked Capital Subsidy""]",,FALSE,Yes,No,SC Only,Central,Central,No income limit
17,Venture Capital Fund for Scheduled Castes (VCF-SC),entrepreneurship,Concessional finance/quasi-equity funding for SC entrepreneurs to start or scale innovative businesses beyond what banks normally fund.,,,,30,,,,,,,"[""startup"",""innovation"",""technology"",""manufacturing"",""services""]",FALSE,Managed by SIDBI. Provides equity/quasi-equity up to ?30 lakh for SC startups and innovative enterprises.,TRUE,,all,,,,,,official,2026-09-25,financing,Ministry of Social Justice & Empowerment / SIDBI,https://dosje.gov.in,"[""VCF-SC"",""Venture Capital Fund SC""]",,FALSE,Yes,No,SC Only,Central,Central,No income limit
18,National SC-ST Hub,entrepreneurship,"Provides SC/ST MSMEs with market linkage, business support, mentoring, and procurement from CPSEs under the public procurement policy.",,,,,,,,,,,"[""manufacturing"",""services"",""trading"",""procurement""]",FALSE,Operated by NSIC. SC/ST MSMEs get 4% procurement preference in Central Govt tenders.,TRUE,,all,,,,,,official,2026-09-25,informational,Ministry of MSME / NSIC,https://scsthub.in,"[""National SC ST Hub"",""SCST Hub""]",,FALSE,Yes,Yes,SC & ST,Central,Central,No income limit
19,Top Class Education Scheme for SC Students,education_loan,"Full financial support (tuition, hostel, books, laptop, stipend) for SC students admitted to top-ranked institutions in India including IITs, IIMs, NITs.",,8,,,0,0,,,,,"[""education"",""engineering"",""management"",""medicine"",""law""]",TRUE,"Max 2,000 fresh slots per year. Covers 100% fees, hostel, stipend of ?2,220/month. Income ceiling ?8 lakh p.a.",TRUE,,all,,,,,,official,2026-09-25,scholarship,Ministry of Social Justice & Empowerment,https://scholarships.gov.in,"[""Top Class Education SC"",""Top Class Scholarship SC""]",,FALSE,Yes,No,SC Only,Central,Central,?8 lakh per annum
20,Post-Matric Scholarship for SC Students,education_loan,"Scholarship for SC students studying at post-matriculation level (Class XI onwards) covering maintenance allowance, study tour, thesis charges.",,2.5,,,0,0,,,,,"[""education"",""post_matric"",""higher_education""]",TRUE,Centrally sponsored scheme. Income ceiling ?2.5 lakh p.a. Implemented by state governments.,TRUE,,all,,,,,,official,2026-09-25,scholarship,Ministry of Social Justice & Empowerment,https://scholarships.gov.in,"[""Post Matric Scholarship SC"",""PMS SC""]",,FALSE,Yes,No,SC Only,Central,Central,?2.5 lakh per annum
21,Pre-Matric Scholarship for SC Students,education_loan,"Scholarship for SC students in Classes IX and X covering maintenance allowance, books and stationery, ad-hoc grant.",,2,,,0,0,,,,,"[""education"",""pre_matric""]",TRUE,Centrally sponsored. Income ceiling ?2 lakh p.a. Implemented by state governments.,TRUE,,all,,,,,,official,2026-09-25,scholarship,Ministry of Social Justice & Empowerment,https://scholarships.gov.in,"[""Pre Matric Scholarship SC""]",,FALSE,Yes,No,SC Only,Central,Central,?2 lakh per annum
22,National Fellowship for Scheduled Caste Students,education_loan,Fellowship for SC students to pursue M.Phil and PhD programmes in universities and institutions recognised by UGC.,,,,,0,0,,,,,"[""research"",""mphil"",""phd""]",TRUE,"Up to 2,000 fellowships per year. JRF rate ?31,000/month, SRF ?35,000/month. No income limit.",TRUE,,all,,,,,,official,2026-09-25,scholarship,UGC / Ministry of Social Justice & Empowerment,https://ugc.ac.in,"[""National Fellowship SC"",""NFSC"",""UGC SC Fellowship""]",,FALSE,Yes,No,SC Only,Central,Central,No income limit
23,National Overseas Scholarship for SC Students,education_loan,"Scholarship for SC students to pursue Masters and PhD abroad covering tuition fee, maintenance, visa, travel, contingency.",,6,,,0,0,,,,,"[""education"",""overseas"",""masters"",""phd""]",TRUE,Max 100 slots per year. Income ceiling ?6 lakh p.a. Age limit 35 years.,TRUE,,all,,35,,,,official,2026-09-25,scholarship,Ministry of Social Justice & Empowerment,https://nosmsje.gov.in,"[""NOS SC"",""National Overseas Scholarship SC""]",,FALSE,Yes,No,SC Only,Central,Central,?6 lakh per annum
24,Dr. Ambedkar Central Sector Scheme of Interest Subsidy on Educational Loans,education_loan,Interest subsidy on educational loans taken by SC/OBC students for overseas studies during moratorium period.,,4.5,,,0,0,,,,,"[""education"",""overseas"",""interest_subsidy""]",TRUE,Interest subsidy payable by Govt. during moratorium period (course + 1 year). Income ceiling ?4.5 lakh p.a.,TRUE,,all,,,,,,official,2026-09-25,scholarship,Ministry of Social Justice & Empowerment,https://dosje.gov.in,"[""Dr Ambedkar Interest Subsidy"",""Interest Subsidy Educational Loan SC""]",,FALSE,Yes,No,SC Only,Central,Central,?4.5 lakh per annum
25,Free Coaching Scheme for SC and OBC Students,skill_development,"Free coaching for SC and OBC students for competitive examinations including UPSC, SSC, banking, Railways, State PSCs, JEE, NEET.",,8,,,,,,,,,"[""coaching"",""competitive_exam"",""upsc"",""ssc"",""banking"",""jee"",""neet""]",FALSE,"Income ceiling ?8 lakh p.a. Max 2 attempts per exam. Covers Group A, B, C exams and professional entrance tests.",TRUE,,all,,,,,,official,2026-09-25,informational,Ministry of Social Justice & Empowerment,https://dosje.gov.in,"[""Free Coaching SC OBC"",""Coaching Scheme SC""]",,FALSE,Yes,No,SC Only,Central,Central,?8 lakh per annum
26,Babu Jagjivan Ram Chhatrawas Yojana,welfare,Central assistance to state govts and central universities for construction of hostels for SC boy and girl students pursuing higher education.,,,,,,,,,,,"[""hostel"",""student_accommodation""]",FALSE,"Central share: 50% for state govt hostels, 100% for central universities. Unit cost norms apply per bed.",TRUE,,all,,,,,,official,2026-09-25,informational,Ministry of Social Justice & Empowerment,https://dosje.gov.in,"[""BJRCY"",""Jagjivan Ram Chhatrawas""]",,FALSE,Yes,No,SC Only,Central,Central,No income limit
27,Scheme of Assistance for Prevention of Atrocities on SC/ST,welfare,"Financial assistance to SC/ST victims of atrocities including relief, rehabilitation, legal aid, and compensation under SC/ST PoA Act 1989.",,,,,,,,,,,"[""atrocity_relief"",""rehabilitation"",""legal_aid""]",FALSE,Relief amounts specified under SC/ST PoA Act. Implemented by state governments. No income limit.,TRUE,,all,,,,,,official,2026-09-25,informational,Ministry of Social Justice & Empowerment / Home Ministry,https://dosje.gov.in,"[""Prevention of Atrocities SC ST"",""PoA Act Relief""]",,FALSE,Yes,Yes,SC & ST,Central,Central,No income limit
28,Self Employment Scheme for Rehabilitation of Manual Scavengers (SRMS),entrepreneurship,"One-time cash assistance of ?40,000 and concessional loans up to ?15 lakh for manual scavengers (SC community) for self-employment.",,,,15,4,4,,,84,,"[""rehabilitation"",""self_employment"",""enterprise"",""sanitation""]",FALSE,"Implemented by NSKFDC. Loan up to ?15 lakh at 4% p.a. One-time cash assistance ?40,000.",TRUE,,all,,,,,,official,2026-09-25,financing,National Safai Karamcharis Finance & Development Corporation (NSKFDC),https://nskfdc.nic.in,"[""SRMS"",""Manual Scavenger Rehabilitation""]",,FALSE,Yes,No,SC Only,Central,Central,No income limit
29,Ambedkar Social Innovation & Incubation Mission (ASIIM),entrepreneurship,"Venture funding and incubation support for SC students/entrepreneurs with innovative business ideas, disbursed through technology business incubators.",,,,30,0,0,,,,,"[""startup"",""innovation"",""incubation"",""technology""]",FALSE,Funding up to ?30 lakh per startup over 3 years via selected incubators. For SC students/entrepreneurs with innovative ideas.,TRUE,,all,,,,,,official,2026-09-25,financing,Ministry of Social Justice & Empowerment,https://dosje.gov.in,"[""ASIIM"",""Ambedkar Innovation Mission""]",,FALSE,Yes,No,SC Only,Central,Central,No income limit
30,Special Component Plan / Scheduled Caste Sub-Plan (SCP/SCSP),welfare,Earmarked budgetary allocations across all Central Ministries proportional to SC population for SC-specific development.,,,,,,,,,,,"[""all_sectors"",""welfare"",""development""]",FALSE,Mandates all central ministries to earmark 16.6% of plan funds for SC development. Not a direct scheme but an overarching policy.,TRUE,,all,,,,,,official,2026-09-25,informational,Planning Commission / NITI Aayog / All Ministries,https://dosje.gov.in,"[""SCP"",""SCSP"",""SC Sub Plan"",""Dalit Sub Plan""]",,FALSE,Yes,No,SC Only,Central,Central,No income limit
31,Dr. Ambedkar Post-Matric Scholarship for Economically Backward Class (EBC) Students,education_loan,Post-matric scholarship for SC/EBC students whose parental income is below ?1 lakh per annum for studies after Class X.,,1,,,0,0,,,,,"[""education"",""post_matric""]",TRUE,"Income ceiling ?1 lakh p.a. Covers maintenance allowance, study tour, thesis charges, books.",TRUE,,all,,,,,,official,2026-09-25,scholarship,Ministry of Social Justice & Empowerment,https://scholarships.gov.in,"[""EBC Post Matric Scholarship"",""Dr Ambedkar EBC Scholarship""]",,FALSE,Yes,No,SC Only,Central,Central,?1 lakh per annum
32,Rajiv Gandhi National Fellowship for SC Students (RGNF),education_loan,"UGC fellowship for SC students pursuing full-time M.Phil/PhD in Indian universities, including JRF and SRF components.",,,,,0,0,,,,,"[""research"",""mphil"",""phd"",""fellowship""]",TRUE,"Up to 2,000 fellowships per year. JRF ?31,000/month, SRF ?35,000/month + HRA. No income limit.",TRUE,,all,,,,,,official,2026-09-25,scholarship,UGC / Ministry of Social Justice & Empowerment,https://ugc.ac.in,"[""RGNF"",""Rajiv Gandhi Fellowship SC""]",,FALSE,Yes,No,SC Only,Central,Central,No income limit
33,National Safai Karamcharis Finance & Development Corporation (NSKFDC) Schemes,entrepreneurship,"Umbrella of loan and capacity-building schemes for safai karamcharis (largely SC) for self-employment, sanitation enterprise, and scavenger rehabilitation.",,,,15,4,6,,,84,,"[""sanitation"",""self_employment"",""waste_management"",""rehabilitation""]",FALSE,"Loans at 4–6% p.a. via state channelising agencies. Covers self-employment loans, sanitation micro-enterprise, and scavenger rehabilitation.",TRUE,,all,,,,,,official,2026-09-25,financing,National Safai Karamcharis Finance & Development Corporation (NSKFDC),https://nskfdc.nic.in,"[""NSKFDC"",""Safai Karamchari Schemes""]",,FALSE,Yes,No,SC Only,Central,Central,No income limit
34,Pradhan Mantri Employment Generation Programme (PMEGP),entrepreneurship,Credit-linked subsidy scheme for setting up micro enterprises in non-farm sector. SC/ST applicants get higher subsidy: 35% (urban) / 25% (rural) vs 15%/25% for general.,,,0.5,50,7,12,,,,,"[""manufacturing"",""services"",""food_processing"",""handicraft"",""agro_based""]",FALSE,"Max project cost ?50 lakh (mfg) / ?20 lakh (services). SC/ST subsidy 35% urban, 25% rural. KVIC implements.",TRUE,,all,,,,,,official,2026-09-25,financing,Ministry of MSME / KVIC,https://kviconline.gov.in/pmegpeportal,"[""PMEGP"",""PM Employment Generation Programme""]",,FALSE,Yes,Yes,SC & ST,Central,Central,No income limit
35,Pradhan Mantri Mudra Yojana (PMMY),micro_finance,"Collateral-free loans for non-farm micro/small enterprises. Three tiers: Shishu ??50K, Kishor ??5L, Tarun ??20L. SC/ST borrowers get preference.",,,0.01,20,8,12,,,,,"[""micro_enterprise"",""small_trade"",""services"",""manufacturing"",""food_processing""]",FALSE,"Disbursed by banks, MFIs, NBFCs. No income limit. SC/ST get priority. Tarun Plus up to ?20 lakh for repaid Tarun borrowers.",TRUE,,all,,,,,,official,2026-09-25,financing,Ministry of Finance / SIDBI,https://mudra.org.in,"[""PMMY"",""Mudra Loan"",""Mudra Yojana"",""Shishu Kishor Tarun""]",,FALSE,Yes,Yes,SC & ST,Central,Central,No income limit
36,Pradhan Mantri Formalisation of Micro Food Processing Enterprises (PMFME),entrepreneurship,35% credit-linked capital subsidy (max ?10 lakh) for individual micro food processing units. SC/ST entrepreneurs get priority.,,,,28.6,7,10,,,,,"[""food_processing"",""agro_processing"",""value_addition"",""packaging""]",FALSE,Under Atmanirbhar Bharat. 35% subsidy on loan. FPOs/SHGs/Cooperatives also eligible. SC/ST priority in selection.,TRUE,,all,,,,,,official,2026-09-25,financing,Ministry of Food Processing Industries,https://pmfme.mofpi.gov.in,"[""PMFME"",""PM Formalisation Micro Food Processing""]",,FALSE,Yes,Yes,SC & ST,Central,Central,No income limit
37,Pradhan Mantri Matsya Sampada Yojana (PMMSY),entrepreneurship,Fisheries development scheme. SC/ST and women beneficiaries get enhanced subsidy of 60% vs 40% for general in some components.,,,,,,,,,,,"[""fisheries"",""aquaculture"",""fish_processing"",""cold_chain"",""fishing_vessel""]",FALSE,"SC/ST get 60% central subsidy in applicable components. Covers aquaculture, fish processing, cold chain, fishing vessels.",TRUE,,all,,,,,,official,2026-09-25,financing,"Ministry of Fisheries, Animal Husbandry & Dairying",https://pmmsy.dof.gov.in,"[""PMMSY"",""PM Matsya Sampada""]",,FALSE,Yes,Yes,SC & ST,Central,Central,No income limit
38,National Livestock Mission (NLM),entrepreneurship,Entrepreneurship development and employment generation in livestock sector. SC/ST beneficiaries get preference in selection and subsidy.,,,,,,,,,,,"[""poultry"",""sheep_goat"",""piggery"",""cattle"",""fodder"",""animal_husbandry""]",FALSE,"Subsidy 50% for general, higher for SC/ST in some sub-missions. Covers poultry, sheep/goat, piggery, fodder.",TRUE,,all,,,,,,official,2026-09-25,financing,"Ministry of Fisheries, Animal Husbandry & Dairying",https://nlm.udyamimitra.in,"[""NLM"",""National Livestock Mission""]",,FALSE,Yes,Yes,SC & ST,Central,Central,No income limit
39,Agriculture Infrastructure Fund (AIF),entrepreneurship,"Medium-long term debt financing for post-harvest management and community farming assets. 3% interest subvention, credit guarantee for SC/ST and others.",,,1,200,7,10,,,,,"[""cold_storage"",""warehouse"",""processing"",""agri_logistics"",""primary_processing""]",FALSE,"Loans up to ?2 crore per project; credit guarantee cover. SC/ST, FPOs, SHGs get priority. Interest subvention 3%.",TRUE,,all,,,,,,official,2026-09-25,financing,Ministry of Agriculture & Farmers Welfare / NABARD,https://agriinfra.dac.gov.in,"[""AIF"",""Agriculture Infrastructure Fund""]",,FALSE,Yes,Yes,SC & ST,Central,Central,No income limit
40,Pradhan Mantri Kisan Credit Card (PM-KCC),micro_finance,"Short-term credit for crop cultivation, post-harvest, maintenance, consumption needs for farmers including SC/ST farmers.",,,0.1,3,4,7,,,12,,"[""agriculture"",""crop_loan"",""horticulture"",""allied_activities""]",FALSE,Interest rate 7% p.a. (2% subvention + 3% incentive = effective 4% for timely repayment). SC/ST farmers get priority.,TRUE,,all,,,,,,official,2026-09-25,financing,Ministry of Agriculture / NABARD / Banks,https://pmkisan.gov.in,"[""KCC"",""Kisan Credit Card"",""PM-KCC""]",,FALSE,Yes,Yes,SC & ST,Central,Central,No income limit
41,Pradhan Mantri Kisan Samman Nidhi (PM-KISAN),welfare,"Direct income support of ?6,000/year in 3 equal instalments to small and marginal landholder farmer families including SC/ST farmers.",,,,,,,,,,,"[""income_support"",""farmers_welfare""]",FALSE,"?6,000/year in 3 instalments of ?2,000 each. SC/ST landholding farmers automatically eligible.",TRUE,,all,,,,,,official,2026-09-25,informational,Ministry of Agriculture & Farmers Welfare,https://pmkisan.gov.in,"[""PM-KISAN"",""PM Kisan Samman Nidhi"",""Kisan Nidhi""]",,FALSE,Yes,Yes,SC & ST,Central,Central,Small/marginal farmers (landholders)
42,Pradhan Mantri Fasal Bima Yojana (PMFBY),welfare,"Crop insurance scheme providing financial support to farmers including SC/ST against crop loss due to natural calamities, pests and diseases.",,,,,,,,,,,"[""crop_insurance"",""agriculture"",""horticulture""]",FALSE,"Premium: 1.5–2% for Kharif, 1.5% for Rabi, 5% for horticulture. SC/ST farmers covered. Claim settlement via satellite/drone.",TRUE,,all,,,,,,official,2026-09-25,informational,Ministry of Agriculture & Farmers Welfare,https://pmfby.gov.in,"[""PMFBY"",""Fasal Bima"",""Crop Insurance""]",,FALSE,Yes,Yes,SC & ST,Central,Central,No income limit
43,Pradhan Mantri Krishi Sinchayee Yojana (PMKSY),welfare,"Irrigation scheme – Har Khet Ko Pani, More Crop Per Drop. SC/ST farmers benefit from water access, drip/sprinkler subsidy.",,,,,,,,,,,"[""irrigation"",""agriculture"",""water_access"",""micro_irrigation""]",FALSE,SC/ST farmers get priority allocation in new irrigation coverage. Micro-irrigation subsidy available.,TRUE,,all,,,,,,official,2026-09-25,informational,Ministry of Jal Shakti / Agriculture,https://pmksy.gov.in,"[""PMKSY"",""Krishi Sinchayee"",""Irrigation Scheme""]",,FALSE,Yes,Yes,SC & ST,Central,Central,No income limit
44,PM Vishwakarma Scheme,skill_development,"Support for traditional artisans and craftspeople (including SC artisans) – free skill training, toolkit worth ?15,000, credit up to ?3 lakh at 5% p.a.",,,0.1,3,5,5,,,,,"[""handicraft"",""carpentry"",""blacksmith"",""goldsmith"",""pottery"",""weaving"",""cobbler"",""mason""]",FALSE,"Covers 18 traditional trades. Toolkit grant ?15,000. Loan: ?1 lakh (Tier 1), ?2 lakh (Tier 2). Interest 5% with GOI subvention.",TRUE,,all,,,,,,official,2026-09-25,financing,Ministry of MSME,https://pmvishwakarma.gov.in,"[""PM Vishwakarma"",""Vishwakarma Yojana"",""PMVY""]",,FALSE,Yes,Yes,SC & ST,Central,Central,No income limit
45,PM SVANidhi (Street Vendor Loan Scheme),micro_finance,Working capital loans for street vendors including SC vendors. ?10K ? ?20K ? ?50K on timely repayment. Digital transactions rewarded.,,,0.1,0.5,7,7,,,12,,"[""street_vending"",""small_trade"",""mobile_vending"",""petty_shop""]",FALSE,"7% interest subvention. No collateral. SC/ST street vendors get preference. Digital incentives up to ?1,200/year.",TRUE,,all,,,,,,official,2026-09-25,financing,Ministry of Housing & Urban Affairs,https://pmsvanidhi.mohua.gov.in,"[""SVANidhi"",""PM SVANidhi"",""Street Vendor Loan""]",,FALSE,Yes,Yes,SC & ST,Central,Central,No income limit
46,Pradhan Mantri Kaushal Vikas Yojana (PMKVY),skill_development,Free short-term skill training and certification for SC/ST youth and others. SC/ST get priority enrolment and placement support.,,,,,,,,,,,"[""skill_training"",""vocational"",""certification"",""job_placement""]",FALSE,"Training free of cost. Certificate from NSDC. Stipend, boarding, lodging for SC/ST candidates. Covers 300+ job roles.",TRUE,,all,,,,,,official,2026-09-25,informational,Ministry of Skill Development & Entrepreneurship / NSDC,https://pmkvyofficial.org,"[""PMKVY"",""PM Kaushal Vikas"",""Skill India"",""NSDC Training""]",,FALSE,Yes,Yes,SC & ST,Central,Central,No income limit
47,National Apprenticeship Promotion Scheme (NAPS),skill_development,"Government shares 25% of stipend (max ?1,500/month) with establishments for engaging apprentices including SC/ST youth.",,,,,,,,,,,"[""apprenticeship"",""skill_training"",""on_job_training""]",FALSE,"SC/ST apprentices get preference. Establishment gets ?1,500/month stipend share. Covers 600+ trade apprenticeships.",TRUE,,all,,,,,,official,2026-09-25,informational,Ministry of Skill Development & Entrepreneurship,https://apprenticeshipindia.gov.in,"[""NAPS"",""National Apprenticeship"",""Apprenticeship Scheme""]",,FALSE,Yes,Yes,SC & ST,Central,Central,No income limit
48,Deendayal Antyodaya Yojana – National Rural Livelihoods Mission (DAY-NRLM),micro_finance,"Rural livelihood promotion via SHGs. SC/ST women get priority in SHG formation, revolving fund (?15,000), and bank linkage (?3 lakh+).",,,,,,,,,,,"[""shg"",""self_help_group"",""rural_livelihood"",""micro_enterprise"",""agriculture""]",FALSE,"SC/ST SHGs get ?15,000 revolving fund, ?2.5 lakh Community Investment Fund. Bank linkage loans at 7% with interest subvention to 3%.",TRUE,,all,,,,,,official,2026-09-25,informational,Ministry of Rural Development,https://aajeevika.gov.in,"[""DAY-NRLM"",""NRLM"",""Aajeevika"",""Deendayal Antyodaya Rural""]",,FALSE,Yes,Yes,SC & ST,Central,Central,Rural BPL / poor households
49,Deendayal Antyodaya Yojana – National Urban Livelihoods Mission (DAY-NULM),micro_finance,"Urban livelihood and self-employment support for urban poor including SC/ST. SHG bank linkage, individual micro-enterprise loans at 7%.",,,,2,5,7,,,,,"[""urban_livelihood"",""shg"",""micro_enterprise"",""skill_training"",""street_vending""]",FALSE,Interest subvention to 5% for SC/ST SHG members. Individual loans up to ?2 lakh. Skill training with placement support.,TRUE,,all,,,,,,official,2026-09-25,informational,Ministry of Housing & Urban Affairs,https://nulm.gov.in,"[""DAY-NULM"",""NULM"",""Urban Livelihoods""]",,FALSE,Yes,Yes,SC & ST,Central,Central,Urban BPL / poor households
50,Pradhan Mantri Awas Yojana – Gramin (PMAY-G),welfare,Housing for rural poor. SC/ST households get priority in beneficiary selection. ?1.20 lakh (plains) / ?1.30 lakh (hilly) grant per unit.,,,,,,,,,,,"[""housing"",""rural_housing"",""construction""]",FALSE,SC/ST households mandatorily get first priority. 90 days MGNREGS wages additionally. Convergence with SBM for toilet.,TRUE,,all,,,,,,official,2026-09-25,informational,Ministry of Rural Development,https://pmayg.nic.in,"[""PMAY-G"",""PMAY Gramin"",""Rural Housing Scheme"",""IAY""]",,FALSE,Yes,Yes,SC & ST,Central,Central,SECC / BPL list
51,Pradhan Mantri Awas Yojana – Urban 2.0 (PMAY-U 2.0),welfare,Affordable housing for urban poor. EWS (??3L income) and LIG (??6L) categories include many SC/ST households.,,12,,,,,,,,,"[""housing"",""urban_housing"",""affordable_housing""]",FALSE,"Interest subsidy: 4% for EWS/LIG, 3% for MIG-I. SC/ST in EWS/LIG categories covered. Central assistance ?1.5–2.5 lakh.",TRUE,,all,,,,,,official,2026-09-25,informational,Ministry of Housing & Urban Affairs,https://pmaymis.gov.in,"[""PMAY-U"",""PMAY Urban"",""Urban Housing Scheme"",""CLSS""]",,FALSE,Yes,Yes,SC & ST,Central,Central,EWS ??3L / LIG ??6L / MIG-I ??12L per annum
52,Ayushman Bharat – PM Jan Arogya Yojana (AB-PMJAY),welfare,Health insurance of ?5 lakh per family per year for BPL and SECC-listed families. SC/ST BPL families automatically covered.,,,,,,,,,,,"[""health_insurance"",""medical_treatment"",""hospitalisation""]",FALSE,"SC/ST families under SECC automatically eligible. Cashless treatment at empanelled hospitals. 1,929 procedures covered.",TRUE,,all,,,,,,official,2026-09-25,informational,Ministry of Health & Family Welfare / NHA,https://pmjay.gov.in,"[""AB-PMJAY"",""Ayushman Bharat"",""PMJAY"",""Ayushman Card""]",,FALSE,Yes,Yes,SC & ST,Central,Central,SECC / BPL list
53,Pradhan Mantri Jan Dhan Yojana (PMJDY),welfare,"Financial inclusion scheme providing zero-balance bank account with RuPay debit card, ?2 lakh accident insurance, ?30,000 life cover to all including SC/ST.",,,,,,,,,,,"[""bank_account"",""financial_inclusion"",""insurance""]",FALSE,"No minimum balance. RuPay card with ?2 lakh accident insurance. Overdraft up to ?10,000 after 6 months.",TRUE,,all,,,,,,official,2026-09-25,informational,Ministry of Finance / DFS,https://pmjdy.gov.in,"[""PMJDY"",""Jan Dhan"",""Jan Dhan Yojana"",""Zero Balance Account""]",,FALSE,Yes,Yes,SC & ST,Central,Central,No income limit
54,Pradhan Mantri Ujjwala Yojana (PMUY),welfare,"Free LPG connection to BPL households including SC/ST families. Covers security deposit, regulator, hose, first refill free.",,,,,,,,,,,"[""lpg_connection"",""cooking_fuel"",""welfare""]",FALSE,SC/ST BPL families get priority. Refill subsidy continues. 9.5 crore+ connections given. First refill free.,TRUE,,all,,,,,,official,2026-09-25,informational,Ministry of Petroleum & Natural Gas,https://pmuy.gov.in,"[""PMUY"",""Ujjwala"",""LPG Scheme"",""BPL LPG""]",,FALSE,Yes,Yes,SC & ST,Central,Central,BPL / SECC list
55,Pradhan Mantri Jeevan Jyoti Bima Yojana (PMJJBY),welfare,?2 lakh life insurance coverage for account holders aged 18–50 at annual premium of ?436. SC/ST bank account holders covered.,,,,,,,,,,,"[""life_insurance"",""welfare"",""social_security""]",FALSE,Annual premium ?436 auto-debited. ?2 lakh on death. Available via Jan Dhan accounts.,TRUE,,all,18,50,,,,official,2026-09-25,informational,Ministry of Finance / LIC,https://financialservices.gov.in,"[""PMJJBY"",""Jeevan Jyoti Bima"",""Life Insurance Scheme""]",,FALSE,Yes,Yes,SC & ST,Central,Central,No income limit
56,Pradhan Mantri Suraksha Bima Yojana (PMSBY),welfare,Accidental insurance cover of ?2 lakh for partial/permanent disability and ?1 lakh for partial disability at ?20/year. SC/ST covered.,,,,,,,,,,,"[""accident_insurance"",""welfare"",""social_security""]",FALSE,Annual premium ?20. ?2 lakh on accidental death/total disability. Auto-renewable via bank account.,TRUE,,all,18,70,,,,official,2026-09-25,informational,Ministry of Finance,https://financialservices.gov.in,"[""PMSBY"",""Suraksha Bima"",""Accident Insurance""]",,FALSE,Yes,Yes,SC & ST,Central,Central,No income limit
57,Atal Pension Yojana (APY),welfare,"Guaranteed pension of ?1,000–?5,000/month at age 60 for unorganised sector workers aged 18–40 including SC/ST non-taxpayers.",,,,,,,,,,,"[""pension"",""retirement"",""social_security""]",FALSE,"Govt contributes 50% of subscriber contribution (max ?1,000/year) for 5 years for new subscribers. SC/ST non-taxpayers eligible.",TRUE,,all,18,40,,,,official,2026-09-25,informational,Ministry of Finance / PFRDA,https://npscra.nsdl.co.in,"[""APY"",""Atal Pension"",""NPS Lite""]",,FALSE,Yes,Yes,SC & ST,Central,Central,"Non-income tax payer, aged 18–40"
58,Pradhan Mantri Shram Yogi Maandhan (PM-SYM),welfare,"Pension of ?3,000/month at age 60 for unorganised workers with monthly income ??15,000 including SC/ST workers.",,,,,,,,,,,"[""pension"",""unorganised_workers"",""social_security""]",FALSE,Govt matches beneficiary contribution. Monthly contribution ?55–?200 depending on entry age. SC/ST unorganised workers covered.,TRUE,,all,18,40,,,,official,2026-09-25,informational,Ministry of Labour & Employment,https://maandhan.in,"[""PM-SYM"",""Shram Yogi Maandhan"",""Labour Pension""]",,FALSE,Yes,Yes,SC & ST,Central,Central,"Monthly income ? ?15,000"
59,Pradhan Mantri Kisan Maandhan Yojana (PM-KMY),welfare,"Pension of ?3,000/month at age 60 for small and marginal farmers (up to 2 ha) aged 18–40 including SC/ST farmers.",,,,,,,,,,,"[""pension"",""farmers"",""social_security""]",FALSE,Govt matches farmer contribution. Entry age 18–40. SC/ST small/marginal farmers covered. Linked to PM-KISAN.,TRUE,,all,18,40,,,,official,2026-09-25,informational,Ministry of Agriculture & Farmers Welfare,https://maandhan.in,"[""PM-KMY"",""Kisan Maandhan"",""Farmers Pension""]",,FALSE,Yes,Yes,SC & ST,Central,Central,Small/marginal farmers (?2 ha land)
60,National Social Assistance Programme (NSAP),welfare,"Social security pensions for elderly (?200–?500/month), widows (?200–?500/month), disabled (?300–?500/month) persons – SC/ST BPL prioritised.",,,,,,,,,,,"[""social_security"",""pension"",""elderly"",""widow"",""disability""]",FALSE,"SC/ST BPL families prioritised. Indira Gandhi National Old Age Pension, Widow Pension, Disability Pension components.",TRUE,,all,,,,,,official,2026-09-25,informational,Ministry of Rural Development,https://nsap.nic.in,"[""NSAP"",""IGNOAPS"",""National Social Assistance"",""Old Age Pension""]",,FALSE,Yes,Yes,SC & ST,Central,Central,BPL / SECC list
61,Pradhan Mantri Matru Vandana Yojana (PMMVY),welfare,"Maternity benefit of ?5,000 in 3 instalments for first live birth. SC/ST women automatically prioritised under direct benefit transfer.",,,,,,,,,,,"[""maternity_benefit"",""women_welfare"",""child_health""]",FALSE,"?1,000 on early ANC registration, ?2,000 after first check-up, ?2,000 after childbirth registration. SC/ST women covered.",TRUE,,women_only,,,,,,official,2026-09-25,informational,Ministry of Women & Child Development,https://wcd.nic.in,"[""PMMVY"",""Matru Vandana"",""Maternity Benefit""]",,FALSE,Yes,Yes,SC & ST,Central,Central,No income limit
62,Sukanya Samriddhi Yojana (SSY-Central),welfare,Savings scheme for girl child aged below 10 years at 8.2% p.a. interest. SC/ST families can open account in post offices/banks.,,,,,,,,,,,"[""savings"",""girl_child"",""education_savings""]",FALSE,"Min deposit ?250/year, max ?1.5 lakh/year. Maturity at 21 years. Tax-free interest. SC/ST families covered.",TRUE,,women_only,,10,,,,official,2026-09-25,informational,Ministry of Finance,https://nsiindia.gov.in,"[""SSY"",""Sukanya Samriddhi"",""Girl Child Savings""]",,FALSE,Yes,Yes,SC & ST,Central,Central,No income limit
63,Dr. Babasaheb Ambedkar Swadhar Yojana,welfare,"Financial assistance of ?51,000/year to SC students living outside government hostel for board, lodging, and other expenses in Maharashtra.",,2.5,,,,,,,,,"[""student_welfare"",""boarding"",""lodging""]",FALSE,"For SC students in Class XI and above in cities/towns with no Govt hostel. ?28,000 board+lodging, ?5,000 medical, ?18,000 misc. Income ??2.5L.",TRUE,,all,,,,,,official,2026-09-25,scholarship,"Social Justice Dept, Government of Maharashtra",https://sjsa.maharashtra.gov.in,"[""Swadhar Yojana"",""Babasaheb Ambedkar Swadhar""]",,FALSE,Yes,No,SC Only,Maharashtra,State,?2.5 lakh per annum
64,Rajarshi Chhatrapati Shahu Maharaj Shikshan Shulkh Shishyavrutti Yojana,education_loan,Tuition fee and examination fee reimbursement for SC/OBC students in Maharashtra up to graduation and post-graduation level.,,8,,,,,,,,,"[""education"",""tuition_fee"",""graduation"",""post_graduation""]",TRUE,Income ceiling ?8 lakh p.a. Covers all govt-recognised colleges. Directly credited to institution.,TRUE,,all,,,,,,official,2026-09-25,scholarship,Government of Maharashtra / Social Justice Dept,https://mahaeschol.maharashtra.gov.in,"[""Shahu Maharaj Scholarship"",""Tuition Fee Reimbursement MH SC""]",,FALSE,Yes,No,SC Only,Maharashtra,State,?8 lakh per annum
65,Government of India Post-Matric Scholarship for SC Students – Maharashtra,education_loan,GOI-funded post-matric scholarship for SC students studying in Maharashtra at any post-matriculation level.,,2.5,,,,,,,,,"[""education"",""post_matric"",""scholarship""]",TRUE,"Income ??2.5 lakh p.a. Covers maintenance, books, study tour. State implements on behalf of GOI.",TRUE,,all,,,,,,official,2026-09-25,scholarship,Ministry of Social Justice & Empowerment (via Maharashtra),https://mahaeschol.maharashtra.gov.in,"[""GOI PMS SC Maharashtra"",""Post Matric Scholarship Maharashtra SC""]",,FALSE,Yes,No,SC Only,Maharashtra,State,?2.5 lakh per annum
66,Post-Matric Scholarship for SC Students – Maharashtra State,education_loan,"Maharashtra state-funded post-matric scholarship for SC students not covered under GOI scheme, for Classes XI–PhD.",,2.5,,,,,,,,,"[""education"",""post_matric"",""scholarship""]",TRUE,State funds own scholarship above GOI ceiling. Income ??2.5 lakh p.a.,TRUE,,all,,,,,,official,2026-09-25,scholarship,Government of Maharashtra / Social Justice Dept,https://mahaeschol.maharashtra.gov.in,"[""State PMS SC Maharashtra""]",,FALSE,Yes,No,SC Only,Maharashtra,State,?2.5 lakh per annum
67,Tuition Fees and Examination Fees to SC Students – Maharashtra,education_loan,Reimbursement of tuition and examination fees paid by SC students in government-aided institutions in Maharashtra.,,8,,,,,,,,,"[""education"",""tuition_fee"",""exam_fee""]",TRUE,Income ??8 lakh p.a. Direct reimbursement to student account. Covers graduation and post-graduation.,TRUE,,all,,,,,,official,2026-09-25,scholarship,Government of Maharashtra,https://mahaeschol.maharashtra.gov.in,"[""Tuition Fee SC MH"",""Exam Fee SC Maharashtra""]",,FALSE,Yes,No,SC Only,Maharashtra,State,?8 lakh per annum
68,Savitribai Phule Scholarship Scheme – Maharashtra,education_loan,"Scholarship for SC girl students in Maharashtra for higher education, covering maintenance and special allowance.",,2.5,,,,,,,,,"[""education"",""girl_student"",""scholarship""]",TRUE,For SC girl students in Classes XI–PhD. Income ??2.5 lakh p.a.,TRUE,,women_only,,,,,,official,2026-09-25,scholarship,Government of Maharashtra / Social Justice Dept,https://mahaeschol.maharashtra.gov.in,"[""Savitribai Phule Scholarship MH"",""SC Girl Scholarship Maharashtra""]",,FALSE,Yes,No,SC Only,Maharashtra,State,?2.5 lakh per annum
69,Dr. Babasaheb Ambedkar Matang Samaj Vikas Yojana – Maharashtra,welfare,"Development programme for Matang (SC) community in Maharashtra – hostels, community halls, skill training, and livelihood support.",,,,,,,,,,,"[""community_development"",""hostel"",""skill_training"",""welfare""]",FALSE,"Specially for Matang community (SC). Hostel construction, community development, skill training grants.",TRUE,,all,,,,,,official,2026-09-25,informational,Government of Maharashtra / Social Justice Dept,https://sjsa.maharashtra.gov.in,"[""Matang Vikas Yojana"",""Matang Samaj Yojana""]",,FALSE,Yes,No,SC Only,Maharashtra,State,No income limit
70,Maharashtra State SC Finance & Development Corporation (MSCFDC) Schemes,entrepreneurship,"Loan and subsidy schemes for SC entrepreneurs in Maharashtra via MSCFDC – self-employment, term loans, education loans.",,3,,10,4,6,,,,,"[""self_employment"",""agriculture"",""services"",""manufacturing"",""education""]",FALSE,"Income ??3 lakh p.a. Interest rates 4–6%. Covers agriculture, service, manufacturing, education.",TRUE,,all,,,,,,official,2026-09-25,financing,Maharashtra State SC Finance & Development Corporation (MSCFDC),https://mscfdc.maharashtra.gov.in,"[""MSCFDC"",""Maharashtra SC Finance Corporation""]",,TRUE,Yes,No,SC Only,Maharashtra,State,?3 lakh per annum
71,Mahatma Phule Backward Class Development Corporation Schemes – Maharashtra,entrepreneurship,"Self-employment and finance schemes for OBC/SC communities in Maharashtra including micro-finance, term loans, education loans.",,1.5,,5,4,6,,,,,"[""self_employment"",""micro_finance"",""agriculture"",""services""]",FALSE,Income ??1 lakh (rural) / ?1.5 lakh (urban) p.a. for SC component. Loan at 4–6% p.a.,TRUE,,all,,,,,,official,2026-09-25,financing,Mahatma Phule Backward Class Development Corporation,https://mahatmaphulecorporation.in,"[""Mahatma Phule Corporation"",""MPBCDC""]",,TRUE,Yes,No,SC Only,Maharashtra,State,?1 lakh (rural) / ?1.5 lakh (urban) per annum
72,Sant Rohidas Leather Industries & Charmakar Development Corporation – Maharashtra,entrepreneurship,"Loan and training for Charmakar (SC leather workers) community in Maharashtra – equipment loans, self-employment, skill training.",,3,,5,4,6,,,,,"[""leather_craft"",""footwear"",""self_employment"",""skill_training""]",FALSE,"For SC Charmakar community. Loans at 4–6% p.a. Equipment purchase, working capital, skill training grants.",TRUE,,all,,,,,,official,2026-09-25,financing,Sant Rohidas Leather Industries & Charmakar Development Corporation,https://srlidc.maharashtra.gov.in,"[""Sant Rohidas Corporation"",""Charmakar Yojana"",""SRLIDC""]",,TRUE,Yes,No,SC Only,Maharashtra,State,?3 lakh per annum
73,SC/ST Student Hostel Schemes – Maharashtra,welfare,Government residential hostels for SC/ST students pursuing higher education in Maharashtra – free boarding and lodging.,,,,,,,,,,,"[""hostel"",""student_accommodation"",""welfare""]",FALSE,"Free accommodation, meals, electricity. For SC/ST students in Classes XI and above.",TRUE,,all,,,,,,official,2026-09-25,informational,Government of Maharashtra / Social Justice Dept,https://sjsa.maharashtra.gov.in,"[""SC Hostel MH"",""SC ST Hostel Maharashtra""]",,FALSE,Yes,Yes,SC & ST,Maharashtra,State,No income limit
74,SC/ST Skill Development Schemes – Maharashtra,skill_development,Skill development and vocational training programmes for SC/ST youth in Maharashtra through ITIs and skill training centres.,,,,,,,,,,,"[""skill_training"",""vocational"",""iti"",""placement""]",FALSE,"Free training, stipend, placement support. SC/ST youth aged 18–35. Covers 50+ trades.",TRUE,,all,,,,,,official,2026-09-25,informational,Government of Maharashtra / Skill Development Dept,https://skill.maharashtra.gov.in,"[""SC Skill MH"",""SC ST Skill Maharashtra""]",,FALSE,Yes,Yes,SC & ST,Maharashtra,State,No income limit
75,Passenger Auto Rickshaw Loan Scheme – Gujarat (SC),entrepreneurship,Concessional loan for SC individuals in Gujarat to purchase passenger auto rickshaws for self-employment and livelihood.,,3,,2,4,6,,,,,"[""transport"",""auto_rickshaw"",""self_employment""]",FALSE,Income ??3 lakh p.a. Loan at subsidised interest via GSCFDC. Covers auto-rickshaw purchase cost.,TRUE,,all,,,,,,official,2026-09-25,financing,Gujarat Scheduled Caste Finance and Development Corporation (GSCFDC),https://gscfdc.gujarat.gov.in,"[""Auto Rickshaw Loan SC Gujarat"",""Gujarat Auto Loan SC""]",,TRUE,Yes,No,SC Only,Gujarat,State,?3 lakh per annum
76,Dr. P. G. Solanki Scheme – Loan/Assistance to Medical Graduate Doctors (SC) – Gujarat,education_loan,Financial assistance for SC medical graduates in Gujarat to set up private clinic or purchase medical equipment.,,,,5,4,6,,,,,"[""medical"",""clinic_setup"",""equipment"",""healthcare""]",TRUE,"For SC MBBS/BDS/MD graduates in Gujarat. Loan for clinic setup, equipment purchase. No specific income limit.",TRUE,,all,,,,,,official,2026-09-25,financing,Gujarat Scheduled Caste Finance and Development Corporation (GSCFDC),https://gscfdc.gujarat.gov.in,"[""PG Solanki Scheme"",""Medical Doctor Loan SC Gujarat""]",,TRUE,Yes,No,SC Only,Gujarat,State,No income limit
77,Gujarat Scheduled Caste Finance and Development Corporation (GSCFDC) Schemes,entrepreneurship,"Umbrella of loan and subsidy schemes for SC entrepreneurs in Gujarat – self-employment, term loans, housing, education loans via GSCFDC.",,3,,10,4,6,,,,,"[""self_employment"",""agriculture"",""services"",""manufacturing"",""transport"",""education""]",FALSE,"Income ??3 lakh p.a. Loans at 4–6% p.a. Covers agriculture, service, manufacturing, transport, education.",TRUE,,all,,,,,,official,2026-09-25,financing,Gujarat Scheduled Caste Finance and Development Corporation (GSCFDC),https://gscfdc.gujarat.gov.in,"[""GSCFDC"",""Gujarat SC Finance Corporation"",""SC Finance Gujarat""]",,TRUE,Yes,No,SC Only,Gujarat,State,?3 lakh per annum
78,Gujarat SC Women Self-Employment Schemes,entrepreneurship,Self-employment loan and subsidy schemes specifically for SC women entrepreneurs in Gujarat via GSCFDC.,,3,,5,4,5,,,,,"[""tailoring"",""beauty_services"",""food_processing"",""handicraft"",""petty_shop""]",FALSE,"Income ??3 lakh p.a. Priority for women in all GSCFDC schemes. Covers tailoring, beauty services, food processing, etc.",TRUE,,women_only,,,,,,official,2026-09-25,financing,Gujarat Scheduled Caste Finance and Development Corporation (GSCFDC),https://gscfdc.gujarat.gov.in,"[""SC Women Loan Gujarat"",""Gujarat SC Women Scheme""]",,TRUE,Yes,No,SC Only,Gujarat,State,?3 lakh per annum
79,SC Education Schemes – Gujarat,education_loan,"Education scholarships and fee reimbursement for SC students in Gujarat – pre-matric, post-matric and GOI scholarship implementation.",,2.5,,,,,,,,,"[""education"",""scholarship"",""pre_matric"",""post_matric""]",TRUE,Income ??2.5 lakh (PMS) or ?8 lakh (fee reimbursement). Covers all levels from Class IX to PhD.,TRUE,,all,,,,,,official,2026-09-25,scholarship,Government of Gujarat / SEB,https://e-samajkalyan.gujarat.gov.in,"[""SC Scholarship Gujarat"",""Gujarat SC Education""]",,FALSE,Yes,No,SC Only,Gujarat,State,?2.5 lakh per annum
80,SC Hostel Schemes – Gujarat,welfare,Government residential hostels for SC students in Gujarat pursuing higher education – free boarding and lodging.,,,,,,,,,,,"[""hostel"",""student_accommodation"",""welfare""]",FALSE,Free accommodation and meals. For SC students in Classes XI and above. Available in major cities.,TRUE,,all,,,,,,official,2026-09-25,informational,Government of Gujarat / Tribal Dev Dept / SEB,https://gujaratindia.gov.in,"[""SC Hostel Gujarat"",""Gujarat SC Student Hostel""]",,FALSE,Yes,No,SC Only,Gujarat,State,No income limit
81,Project Sankalp – Gujarat,skill_development,"Gujarat skill development initiative where SC/ST candidates receive special age relaxation, priority selection, and placement support.",,,,,,,,,,,"[""skill_training"",""vocational"",""placement"",""age_relaxation""]",FALSE,SC/ST candidates get age relaxation of 5 years and priority in enrolment. Free skill training with placement guarantee.,TRUE,,all,,,,,,official,2026-09-25,informational,Government of Gujarat / Skill Development Dept,https://gujaratindia.gov.in,"[""Sankalp Gujarat"",""Project Sankalp SC ST""]",,FALSE,Yes,Yes,SC & ST,Gujarat,State,No income limit
82,Gujarat SC Entrepreneur Assistance Schemes,entrepreneurship,"Composite assistance for SC entrepreneurs in Gujarat including seed money, margin money subsidy, and training support via GSCFDC.",,3,,5,4,6,,,,,"[""seed_money"",""margin_money"",""enterprise"",""startup""]",FALSE,Seed money assistance 10–20% of project cost. Margin money subsidy for bank loans. SC entrepreneurs in Gujarat.,TRUE,,all,,,,,,official,2026-09-25,financing,Gujarat Scheduled Caste Finance and Development Corporation (GSCFDC),https://gscfdc.gujarat.gov.in,"[""Gujarat SC Entrepreneur"",""SC Seed Money Gujarat""]",,TRUE,Yes,No,SC Only,Gujarat,State,?3 lakh per annum
83,Mukhyamantri Aarthik Kalyan Yojana – MP,micro_finance,"Micro-credit up to ?50,000 and working capital/equipment support for self-employment for SC/OBC/ST in Madhya Pradesh.",,1.2,0.05,0.5,0,0,,,,,"[""micro_enterprise"",""equipment"",""working_capital"",""self_employment""]",FALSE,BPL / income ??1.2 lakh p.a. Loan at 0% interest (fully subsidised by state). Equipment and working capital covered.,TRUE,,all,,,,,,official,2026-09-25,financing,Government of Madhya Pradesh / Social Justice Dept,https://socialjustice.mp.gov.in,"[""Aarthik Kalyan Yojana MP"",""CM Economic Welfare MP""]",,TRUE,Yes,Yes,SC & ST,Madhya Pradesh,State,BPL / ?1.2 lakh per annum
84,Mukhyamantri Swarojgar Yojana – MP,entrepreneurship,Self-employment scheme with margin money assistance for SC/ST/OBC youth in Madhya Pradesh – loan up to ?10 lakh with 30% margin money.,,,0.5,10,7,10,,,,,"[""manufacturing"",""services"",""trading"",""micro_enterprise""]",FALSE,"30% margin money (max ?3 lakh) for manufacturing, 25% for services. SC/ST applicants get priority.",TRUE,,all,,,,,,official,2026-09-25,financing,Government of Madhya Pradesh,https://msme.mponline.gov.in,"[""CM Swarojgar MP"",""Mukhyamantri Swarojgar""]",,FALSE,Yes,Yes,SC & ST,Madhya Pradesh,State,No income limit
85,Mukhyamantri Yuva Udyami Yojana – MP,entrepreneurship,Youth entrepreneurship scheme in MP with bank loan up to ?1 crore and govt guarantee for SC/ST/OBC youth entrepreneurs.,,,1,100,5,10,,,,,"[""manufacturing"",""services"",""it"",""food_processing""]",FALSE,5% interest subsidy for first 5 years. Guarantee cover 80% of loan. SC/ST youth aged 18–40.,TRUE,,all,18,40,,,,official,2026-09-25,financing,Government of Madhya Pradesh,https://msme.mponline.gov.in,"[""CM Yuva Udyami MP"",""Youth Enterprise MP""]",,FALSE,Yes,Yes,SC & ST,Madhya Pradesh,State,No income limit
86,Sant Ravidas Swarojgar Yojana – MP,entrepreneurship,"Self-employment loan for SC individuals in Madhya Pradesh via the SC Finance Corporation – covers trade, service, manufacturing.",,3,0.1,5,5,5,,,,,"[""self_employment"",""trade"",""services"",""manufacturing"",""agriculture""]",FALSE,Income ??3 lakh p.a. Loan at 5% p.a. via SC Finance Corporation MP. Max loan ?5 lakh.,TRUE,,all,,,,,,official,2026-09-25,financing,"SC Finance Corporation, Government of Madhya Pradesh",https://socialjustice.mp.gov.in,"[""Sant Ravidas Yojana MP"",""SC Self Employment MP""]",,TRUE,Yes,No,SC Only,Madhya Pradesh,State,?3 lakh per annum
87,SC Self-Employment Finance Corporation Schemes – MP,entrepreneurship,"Umbrella of SC Finance Corporation loan schemes in Madhya Pradesh – self-employment, education, housing, agriculture loans for SC.",,3,,10,4,6,,,,,"[""self_employment"",""agriculture"",""education"",""housing"",""services""]",FALSE,Income ??3 lakh p.a. for most schemes. Covers all productive sectors.,TRUE,,all,,,,,,official,2026-09-25,financing,"SC Finance Corporation, Government of Madhya Pradesh",https://socialjustice.mp.gov.in,"[""SC Finance Corporation MP"",""SCFDC MP""]",,TRUE,Yes,No,SC Only,Madhya Pradesh,State,?3 lakh per annum
88,Post-Matric Scholarship for SC Students – MP,education_loan,State post-matric scholarship for SC students in Madhya Pradesh for Classes XI to PhD covering maintenance and tuition.,,2.5,,,,,,,,,"[""education"",""post_matric"",""scholarship""]",TRUE,Income ??2.5 lakh p.a. Implemented via MP Scholarship Portal. Covers all recognised institutions.,TRUE,,all,,,,,,official,2026-09-25,scholarship,Government of Madhya Pradesh / Social Justice Dept,https://scholarshipportal.mp.nic.in,"[""Post Matric Scholarship MP SC"",""PMS SC MP""]",,FALSE,Yes,No,SC Only,Madhya Pradesh,State,?2.5 lakh per annum
89,Pre-Matric Scholarship for SC Students – MP,education_loan,State pre-matric scholarship for SC students in Classes IX–X in Madhya Pradesh covering maintenance and books.,,2,,,,,,,,,"[""education"",""pre_matric"",""scholarship""]",TRUE,Income ??2 lakh p.a. Implemented via MP Scholarship Portal.,TRUE,,all,,,,,,official,2026-09-25,scholarship,Government of Madhya Pradesh / Social Justice Dept,https://scholarshipportal.mp.nic.in,"[""Pre Matric Scholarship MP SC""]",,FALSE,Yes,No,SC Only,Madhya Pradesh,State,?2 lakh per annum
90,SC/ST Skill Development Schemes – MP,skill_development,"Skill development and vocational training for SC/ST youth in Madhya Pradesh via ITIs, skill centres, and PMKVY centres.",,,,,,,,,,,"[""skill_training"",""vocational"",""iti"",""placement""]",FALSE,"Free training, stipend, placement support. SC/ST priority. Covers 60+ trades.",TRUE,,all,,,,,,official,2026-09-25,informational,Government of Madhya Pradesh / Skill Development Dept,https://ssdm.mp.gov.in,"[""SC Skill MP"",""SC ST Skill Madhya Pradesh""]",,FALSE,Yes,Yes,SC & ST,Madhya Pradesh,State,No income limit
91,Shaheed Gram Vikas Yojana – Jharkhand,welfare,"Integrated development scheme for SC/ST majority villages in Jharkhand – housing, roads, drinking water, electricity, livelihood support.",,,,,,,,,,,"[""village_development"",""housing"",""infrastructure"",""livelihood""]",FALSE,"Covers SC/ST-majority pockets. Housing, infrastructure, livelihood support bundled. No income limit.",TRUE,,all,,,,,,official,2026-09-25,informational,Government of Jharkhand / Welfare Dept,https://jharkhand.gov.in,"[""Shaheed Gram Yojana Jharkhand"",""SC ST Village Development Jharkhand""]",,FALSE,Yes,Yes,SC & ST,Jharkhand,State,No income limit
92,Mukhyamantri Swasthya Sahayata Yojana – Jharkhand,welfare,Medical financial assistance scheme for SC/ST individuals in Jharkhand for serious illnesses and hospitalisation costs.,,,,,,,,,,,"[""medical_assistance"",""hospitalisation"",""health""]",FALSE,Covers treatment costs for serious illnesses. SC/ST beneficiaries. No income limit for SC/ST.,TRUE,,all,,,,,,official,2026-09-25,informational,Government of Jharkhand / Health Dept,https://jharkhand.gov.in,"[""CM Health Assistance Jharkhand"",""SC ST Medical Jharkhand""]",,FALSE,Yes,Yes,SC & ST,Jharkhand,State,No income limit
93,SC Scholarship Schemes – Jharkhand,education_loan,"State scholarships for SC students in Jharkhand – pre-matric, post-matric, and merit scholarships for Classes IX to PhD.",,2.5,,,,,,,,,"[""education"",""scholarship"",""pre_matric"",""post_matric""]",TRUE,Income ??2.5 lakh p.a. Implemented via Jharkhand Scholarship Portal.,TRUE,,all,,,,,,official,2026-09-25,scholarship,Government of Jharkhand / Social Welfare Dept,https://jharkhand.gov.in,"[""SC Scholarship Jharkhand"",""Jharkhand SC Education""]",,FALSE,Yes,No,SC Only,Jharkhand,State,?2.5 lakh per annum
94,SC Self-Employment Schemes – Jharkhand,entrepreneurship,Self-employment finance for SC individuals in Jharkhand via Jharkhand SC/ST Finance Corporation – loans at concessional rates.,,3,,5,4,6,,,,,"[""self_employment"",""agriculture"",""services"",""small_enterprise""]",FALSE,"Income ??3 lakh p.a. Covers self-employment, agriculture, services, small enterprise.",TRUE,,all,,,,,,official,2026-09-25,financing,Jharkhand SC/ST Finance Corporation,https://jharkhand.gov.in,"[""SC Finance Jharkhand"",""SC Loan Jharkhand""]",,TRUE,Yes,No,SC Only,Jharkhand,State,?3 lakh per annum
95,SC/ST Housing Assistance – Jharkhand,welfare,Housing assistance for SC/ST families in Jharkhand under state housing schemes complementing PMAY-G.,,,,,,,,,,,"[""housing"",""rural_housing""]",FALSE,SC/ST BPL families prioritised. State top-up on PMAY-G assistance. SECC/BPL list.,TRUE,,all,,,,,,official,2026-09-25,informational,Government of Jharkhand / Rural Development Dept,https://jharkhand.gov.in,"[""SC Housing Jharkhand"",""SC ST House Jharkhand""]",,FALSE,Yes,Yes,SC & ST,Jharkhand,State,BPL / SECC list
96,SC/ST Medical Assistance Schemes – Jharkhand,welfare,Financial assistance for medical treatment for SC/ST individuals in Jharkhand for critical illnesses.,,,,,,,,,,,"[""medical"",""health"",""critical_illness""]",FALSE,For SC/ST patients needing expensive treatment. Covers referral hospital treatment costs.,TRUE,,all,,,,,,official,2026-09-25,informational,Government of Jharkhand / Health Dept,https://jharkhand.gov.in,"[""Medical Assistance SC Jharkhand""]",,FALSE,Yes,Yes,SC & ST,Jharkhand,State,No income limit
97,Jai Bhim Mukhyamantri Pratibha Vikas Yojana – Delhi,skill_development,"Free coaching for SC students in Delhi for competitive exams (UPSC, SSC, PSC, JEE, NEET, banking, law) at leading coaching institutes.",,6,,,,,,,,,"[""coaching"",""competitive_exam"",""upsc"",""jee"",""neet"",""banking""]",FALSE,Income ??2 lakh p.a. for free coaching; ?2–6 lakh pays 25% fees. Up to 2 attempts per exam. Delhi domicile required.,TRUE,,all,,,,,,official,2026-09-25,informational,Government of NCT of Delhi / Social Justice Dept,https://delhi.gov.in,"[""Jai Bhim Coaching Delhi"",""SC Coaching Delhi"",""Pratibha Vikas Yojana""]",,FALSE,Yes,No,SC Only,Delhi,State,?2 lakh (free) / up to ?6 lakh (partial) per annum
98,SC Scholarship Schemes – Delhi,education_loan,"State scholarships for SC students in Delhi – pre-matric, post-matric scholarships for Classes IX to PhD.",,2.5,,,,,,,,,"[""education"",""scholarship"",""pre_matric"",""post_matric""]",TRUE,Income ??2.5 lakh p.a. Implemented via Delhi e-district portal.,TRUE,,all,,,,,,official,2026-09-25,scholarship,Government of NCT of Delhi / Social Justice Dept,https://edistrict.delhigovt.nic.in,"[""SC Scholarship Delhi"",""Delhi SC Education Scholarship""]",,FALSE,Yes,No,SC Only,Delhi,State,?2.5 lakh per annum
99,SC/ST Coaching Schemes – Delhi,skill_development,Coaching assistance for SC/ST students in Delhi for entrance and competitive exams at empanelled coaching institutes.,,8,,,,,,,,,"[""coaching"",""competitive_exam"",""entrance_exam""]",FALSE,"Income ??8 lakh p.a. Covers fees, study material. SC/ST Delhi domicile.",TRUE,,all,,,,,,official,2026-09-25,informational,Government of NCT of Delhi / Social Justice Dept,https://delhi.gov.in,"[""SC ST Coaching Delhi"",""Coaching Scheme Delhi""]",,FALSE,Yes,Yes,SC & ST,Delhi,State,?8 lakh per annum
100,SC/ST Hostel Schemes – Delhi,welfare,Government hostels for SC/ST students in Delhi pursuing higher education – free boarding and lodging.,,,,,,,,,,,"[""hostel"",""student_accommodation""]",FALSE,"Free accommodation, meals. SC/ST students in Classes XI and above studying in Delhi.",TRUE,,all,,,,,,official,2026-09-25,informational,Government of NCT of Delhi / Social Justice Dept,https://delhi.gov.in,"[""SC Hostel Delhi"",""Delhi SC Student Hostel""]",,FALSE,Yes,Yes,SC & ST,Delhi,State,No income limit
101,SC/ST Self-Employment Schemes – Delhi,entrepreneurship,Self-employment loans and margin money assistance for SC/ST entrepreneurs in Delhi via Delhi SC/ST Finance & Development Corporation.,,3,,5,4,6,,,,,"[""self_employment"",""services"",""manufacturing"",""food_processing"",""trade""]",FALSE,"Income ??3 lakh p.a. Loans at 4–6% p.a. Covers services, manufacturing, trade, food processing.",TRUE,,all,,,,,,official,2026-09-25,financing,Delhi SC/ST Finance & Development Corporation,https://delhi.gov.in,"[""Delhi SC Finance"",""SC Loan Delhi""]",,TRUE,Yes,Yes,SC & ST,Delhi,State,?3 lakh per annum
102,SC/ST Welfare Schemes – Delhi,welfare,"Welfare programmes for SC/ST communities in Delhi – old age pension, disability grant, widow pension with SC/ST priority.",,,,,,,,,,,"[""welfare"",""pension"",""disability"",""widow""]",FALSE,"Old age pension, widow pension, disability grant. SC/ST BPL beneficiaries.",TRUE,,all,,,,,,official,2026-09-25,informational,Government of NCT of Delhi / Social Justice Dept,https://delhi.gov.in,"[""SC Welfare Delhi"",""Delhi SC Welfare Programme""]",,FALSE,Yes,Yes,SC & ST,Delhi,State,BPL / SECC list
103,SC/ST Education Assistance – Delhi,education_loan,Various education assistance schemes for SC/ST students in Delhi including merit-cum-means scholarships and fee assistance.,,2.5,,,,,,,,,"[""education"",""scholarship"",""merit_scholarship""]",TRUE,Income ??2.5 lakh p.a. Covers Class XI to post-graduation. Delhi domicile required.,TRUE,,all,,,,,,official,2026-09-25,scholarship,Government of NCT of Delhi / Social Justice Dept,https://delhi.gov.in,"[""SC Education Assistance Delhi"",""Delhi SC Fee Assistance""]",,FALSE,Yes,Yes,SC & ST,Delhi,State,?2.5 lakh per annum
104,Laptop Scheme for Meritorious Students of SC/ST – Goa,education_loan,Free laptop for meritorious SC/ST students in Goa who have scored 60%+ in Class X or XII board examinations.,,,,,,,,,,,"[""laptop"",""education_support"",""technology""]",TRUE,Minimum 60% marks in Class X or XII. SC/ST students. Once per student. No income limit.,TRUE,,all,,,,,,official,2026-09-25,scholarship,Government of Goa / Social Welfare Dept,https://goa.gov.in,"[""Laptop Scheme SC ST Goa"",""Free Laptop SC Goa""]",,FALSE,Yes,Yes,SC & ST,Goa,State,No income limit (merit-based)
105,SC Scholarship Schemes – Goa,education_loan,"State scholarships for SC students in Goa – pre-matric, post-matric and merit scholarships.",,2.5,,,,,,,,,"[""education"",""scholarship"",""pre_matric"",""post_matric""]",TRUE,Income ??2.5 lakh p.a. for post-matric. Covers Class IX to PhD. Goa domicile required.,TRUE,,all,,,,,,official,2026-09-25,scholarship,Government of Goa / Social Welfare Dept,https://goascholarship.goa.gov.in,"[""SC Scholarship Goa"",""Goa SC Education""]",,FALSE,Yes,No,SC Only,Goa,State,?2.5 lakh per annum
106,SC/ST Education Schemes – Goa,education_loan,"Education support schemes for SC/ST students in Goa – tuition fee assistance, book grants, attendance scholarships.",,2.5,,,,,,,,,"[""education"",""tuition_fee"",""book_grant""]",TRUE,Income ??2.5 lakh p.a. Covers all levels of education. Goa domicile.,TRUE,,all,,,,,,official,2026-09-25,scholarship,Government of Goa / Social Welfare Dept,https://goascholarship.goa.gov.in,"[""SC Education Goa"",""SC ST Fee Assistance Goa""]",,FALSE,Yes,Yes,SC & ST,Goa,State,?2.5 lakh per annum
107,SC/ST Self-Employment Schemes – Goa,entrepreneurship,Self-employment and enterprise finance for SC/ST in Goa via Goa SC/ST Finance Corporation and state schemes.,,3,,5,4,6,,,,,"[""self_employment"",""services"",""manufacturing"",""trade""]",FALSE,"Income ??3 lakh p.a. Loans at 4–6% p.a. Covers services, manufacturing, trade.",TRUE,,all,,,,,,official,2026-09-25,financing,Goa SC/ST Finance & Development Corporation,https://goa.gov.in,"[""SC Self Employment Goa"",""Goa SC Finance""]",,TRUE,Yes,Yes,SC & ST,Goa,State,?3 lakh per annum
108,SC/ST Welfare Schemes – Goa,welfare,"Welfare programmes for SC/ST communities in Goa – pension, housing, medical assistance, social security.",,,,,,,,,,,"[""welfare"",""pension"",""housing"",""medical""]",FALSE,SC/ST BPL families. Various welfare components.,TRUE,,all,,,,,,official,2026-09-25,informational,Government of Goa / Social Welfare Dept,https://goa.gov.in,"[""SC Welfare Goa"",""Goa SC Welfare""]",,FALSE,Yes,Yes,SC & ST,Goa,State,No income limit / BPL
109,Financial Grants – SC/ST Cancer & Malignant Disease Patients – Assam,welfare,Financial grants for SC/ST patients in Assam suffering from cancer and other malignant diseases for treatment expenses.,,,,,,,,,,,"[""medical"",""cancer"",""critical_illness"",""financial_assistance""]",FALSE,"No income limit for SC/ST. Covers hospitalisation, medicines, travel for treatment.",TRUE,,all,,,,,,official,2026-09-25,informational,Government of Assam / Social Welfare Dept,https://socialwelfare.assam.gov.in,"[""Cancer Grant SC Assam"",""SC ST Medical Grant Assam""]",,FALSE,Yes,Yes,SC & ST,Assam,State,No income limit
110,SC Scholarship Schemes – Assam,education_loan,State scholarships for SC students in Assam – pre-matric and post-matric scholarships for Classes IX to PhD.,,2.5,,,,,,,,,"[""education"",""scholarship"",""pre_matric"",""post_matric""]",TRUE,Income ??2.5 lakh p.a. Implemented via Assam Scholarship Portal.,TRUE,,all,,,,,,official,2026-09-25,scholarship,Government of Assam / Social Welfare Dept,https://socialwelfare.assam.gov.in,"[""SC Scholarship Assam"",""Assam SC Education""]",,FALSE,Yes,No,SC Only,Assam,State,?2.5 lakh per annum
111,SC/ST Medical Assistance – Assam,welfare,Medical financial assistance for SC/ST individuals in Assam for serious illnesses and hospitalisation.,,,,,,,,,,,"[""medical"",""health"",""critical_illness""]",FALSE,Covers critical illness treatment costs. SC/ST patients.,TRUE,,all,,,,,,official,2026-09-25,informational,Government of Assam / Health & Social Welfare Dept,https://socialwelfare.assam.gov.in,"[""SC Medical Assistance Assam"",""SC ST Health Assam""]",,FALSE,Yes,Yes,SC & ST,Assam,State,No income limit
112,SC Self-Employment Schemes – Assam,entrepreneurship,Self-employment finance for SC individuals in Assam via Assam SC Finance Corporation – concessional loans.,,3,,5,4,6,,,,,"[""self_employment"",""agriculture"",""services"",""manufacturing""]",FALSE,"Income ??3 lakh p.a. Covers services, agriculture, manufacturing.",TRUE,,all,,,,,,official,2026-09-25,financing,Assam Scheduled Caste Development Finance Corporation,https://socialwelfare.assam.gov.in,"[""SC Finance Assam"",""SC Loan Assam""]",,TRUE,Yes,No,SC Only,Assam,State,?3 lakh per annum
113,Production of Foundation Seeds – Tamil Nadu (SC/ST Farmers),entrepreneurship,Special benefits for SC/ST farmers in Tamil Nadu under the foundation seed production programme – higher subsidy and priority allocation.,,,,,,,,,,,"[""agriculture"",""seed_production"",""farming""]",FALSE,SC/ST farmers get 50% subsidy on foundation seeds vs 25% for general. Priority in land allocation.,TRUE,,all,,,,,,official,2026-09-25,informational,Government of Tamil Nadu / Agriculture Dept,https://agri.tn.gov.in,"[""Foundation Seeds TN SC"",""SC ST Agriculture TN""]",,FALSE,Yes,Yes,SC & ST,Tamil Nadu,State,No income limit
114,SC/ST Agricultural Subsidy Schemes – Tamil Nadu,welfare,"Agricultural subsidies in Tamil Nadu with enhanced rates for SC/ST farmers – input subsidy, equipment subsidy, drip irrigation.",,,,,,,,,,,"[""agriculture"",""subsidy"",""equipment"",""irrigation""]",FALSE,"SC/ST farmers get 75–90% subsidy on agricultural inputs vs 50% for general. Drip irrigation, mini-tractor subsidy.",TRUE,,all,,,,,,official,2026-09-25,informational,Government of Tamil Nadu / Agriculture Dept,https://agri.tn.gov.in,"[""SC Agriculture Subsidy TN"",""Tamil Nadu SC Farmer Scheme""]",,FALSE,Yes,Yes,SC & ST,Tamil Nadu,State,No income limit
115,SC Scholarship Schemes – Tamil Nadu,education_loan,"State scholarships for SC students in Tamil Nadu – pre-matric, post-matric, and merit scholarships.",,2.5,,,,,,,,,"[""education"",""scholarship"",""pre_matric"",""post_matric""]",TRUE,Income ??2.5 lakh p.a. Implemented via Tamil Nadu e-Sevai.,TRUE,,all,,,,,,official,2026-09-25,scholarship,Government of Tamil Nadu / Adi Dravidar Welfare Dept,https://adidravidar.tn.gov.in,"[""SC Scholarship TN"",""Tamil Nadu SC Education""]",,FALSE,Yes,No,SC Only,Tamil Nadu,State,?2.5 lakh per annum
116,SC/ST Entrepreneurship Schemes – Tamil Nadu,entrepreneurship,"Entrepreneurship and self-employment finance for SC/ST in Tamil Nadu via TAHDCO – loans, subsidy, and training.",,3,,10,4,6,,,,,"[""self_employment"",""manufacturing"",""services"",""agriculture"",""housing""]",FALSE,"Income ??3 lakh p.a. Loans at 4–6% p.a. via TAHDCO. Covers manufacturing, services, agriculture.",TRUE,,all,,,,,,official,2026-09-25,financing,Tamil Nadu Adi Dravidar Housing & Development Corporation (TAHDCO),https://tahdco.tn.gov.in,"[""TAHDCO"",""Tamil Nadu SC Finance"",""SC Loan TN""]",,TRUE,Yes,Yes,SC & ST,Tamil Nadu,State,?3 lakh per annum
117,SC/ST Skill Development Schemes – Tamil Nadu,skill_development,Skill development and vocational training for SC/ST youth in Tamil Nadu via TAHDCO and skill centres.,,,,,,,,,,,"[""skill_training"",""vocational"",""placement""]",FALSE,"Free training, stipend. SC/ST priority. Placement support. Covers 40+ trades.",TRUE,,all,,,,,,official,2026-09-25,informational,Government of Tamil Nadu / TAHDCO / Skill Dev Dept,https://tahdco.tn.gov.in,"[""SC Skill TN"",""Tamil Nadu SC ST Skill""]",,FALSE,Yes,Yes,SC & ST,Tamil Nadu,State,No income limit
118,SC/ST Welfare Schemes – Tamil Nadu,welfare,"Welfare programmes for SC/ST in Tamil Nadu – housing, pension, free education, marriage assistance, death relief.",,,,,,,,,,,"[""welfare"",""housing"",""pension"",""marriage_assistance""]",FALSE,"Marriage assistance ?50,000 for SC couples. Housing plots. Free education through TAHDCO. Death relief.",TRUE,,all,,,,,,official,2026-09-25,informational,Government of Tamil Nadu / Adi Dravidar Welfare Dept,https://adidravidar.tn.gov.in,"[""SC Welfare TN"",""Tamil Nadu SC Adi Dravidar Welfare""]",,FALSE,Yes,Yes,SC & ST,Tamil Nadu,State,BPL / No income limit
119,SC/ST Scholarship Schemes – Karnataka,education_loan,"State scholarships for SC/ST students in Karnataka – pre-matric, post-matric, Ambedkar Overseas scholarship, Vidyasiri.",,2.5,,,,,,,,,"[""education"",""scholarship"",""post_matric"",""overseas""]",TRUE,Income ??2.5 lakh (PMS) / ?4.5 lakh (Vidyasiri). Covers Class IX to PhD.,TRUE,,all,,,,,,official,2026-09-25,scholarship,Government of Karnataka / SCSTWD,https://sw.kar.nic.in,"[""SC Scholarship Karnataka"",""Karnataka SC Education"",""Vidyasiri""]",,FALSE,Yes,Yes,SC & ST,Karnataka,State,?2.5 lakh per annum
120,SC/ST Self-Employment Schemes – Karnataka,entrepreneurship,Self-employment and enterprise finance for SC/ST in Karnataka via KSCBC and Dr. Ambedkar Development Corporation.,,3,,10,4,6,,,,,"[""self_employment"",""manufacturing"",""services"",""agriculture"",""trade""]",FALSE,Income ??3 lakh p.a. Loans at 4–6% p.a. Covers all productive sectors.,TRUE,,all,,,,,,official,2026-09-25,financing,Karnataka SC/ST Finance Corporation / KSCBC,https://kscbc.kar.nic.in,"[""KSCBC"",""Karnataka SC Finance"",""Dr Ambedkar Corp Karnataka""]",,TRUE,Yes,Yes,SC & ST,Karnataka,State,?3 lakh per annum
121,SC/ST Agricultural Assistance – Karnataka,welfare,"Agricultural assistance for SC/ST farmers in Karnataka – subsidy on equipment, inputs, drip irrigation with enhanced rates.",,,,,,,,,,,"[""agriculture"",""subsidy"",""equipment"",""irrigation""]",FALSE,SC/ST farmers get 90% subsidy on agricultural equipment vs 50% general. Input subsidy enhanced.,TRUE,,all,,,,,,official,2026-09-25,informational,Government of Karnataka / Agriculture Dept,https://raitamitra.kar.nic.in,"[""SC Agriculture Karnataka"",""Karnataka SC Farmer Scheme""]",,FALSE,Yes,Yes,SC & ST,Karnataka,State,No income limit
122,SC/ST Corporation Loan Schemes – Karnataka,entrepreneurship,"Finance corporation loan schemes for SC/ST in Karnataka – Ambedkar Development Corporation, Rajiv Gandhi Minority Dev Corp.",,3,,10,4,6,,,,,"[""self_employment"",""housing"",""education"",""agriculture"",""trade""]",FALSE,"Income ??3 lakh p.a. Various loan products: self-employment, housing, education, agriculture.",TRUE,,all,,,,,,official,2026-09-25,financing,Dr. B.R. Ambedkar Development Corporation Karnataka,https://kscbc.kar.nic.in,"[""Ambedkar Corp Karnataka"",""SC Corp Loan Karnataka""]",,TRUE,Yes,Yes,SC & ST,Karnataka,State,?3 lakh per annum
123,SC/ST Hostel Schemes – Karnataka,welfare,"Government hostels for SC/ST students in Karnataka – Morarji Desai, Kittur Rani Channamma, SC/ST hostels.",,,,,,,,,,,"[""hostel"",""student_accommodation""]",FALSE,Free boarding and lodging. SC/ST students in Classes XI and above.,TRUE,,all,,,,,,official,2026-09-25,informational,Government of Karnataka / SCSTWD,https://sw.kar.nic.in,"[""SC Hostel Karnataka"",""Morarji Desai Hostel SC""]",,FALSE,Yes,Yes,SC & ST,Karnataka,State,No income limit
124,SC/ST Skill Development Schemes – Karnataka,skill_development,"Skill development and vocational training for SC/ST youth in Karnataka via ITIs, skill centres and KSCBC.",,,,,,,,,,,"[""skill_training"",""vocational"",""placement""]",FALSE,Free training. SC/ST priority. Placement support. Covers 50+ trades.,TRUE,,all,,,,,,official,2026-09-25,informational,Government of Karnataka / Skill Dev Dept / KSCBC,https://kaushalkar.com,"[""SC Skill Karnataka"",""Karnataka SC ST Skill Training""]",,FALSE,Yes,Yes,SC & ST,Karnataka,State,No income limit
125,SC/ST Scholarship Schemes – Kerala,education_loan,"State scholarships for SC/ST students in Kerala – Dr. Ambedkar scholarship, post-matric, merit scholarship.",,2.5,,,,,,,,,"[""education"",""scholarship"",""post_matric""]",TRUE,Income ??2.5 lakh p.a. Implemented via Kerala scholarship portal.,TRUE,,all,,,,,,official,2026-09-25,scholarship,Government of Kerala / SC/ST Development Dept,https://sjd.kerala.gov.in,"[""SC Scholarship Kerala"",""Kerala SC Education"",""Ambedkar Scholarship Kerala""]",,FALSE,Yes,Yes,SC & ST,Kerala,State,?2.5 lakh per annum
126,SC/ST Self-Employment Schemes – Kerala,entrepreneurship,"Self-employment and enterprise loans for SC/ST in Kerala via KSCDC and KSEDC – concessional loans, subsidy.",,3,,10,4,6,,,,,"[""self_employment"",""manufacturing"",""services"",""agriculture"",""transport""]",FALSE,"Income ??3 lakh p.a. Loans at 4–6% p.a. Covers manufacturing, services, agriculture, transport.",TRUE,,all,,,,,,official,2026-09-25,financing,Kerala Scheduled Castes Development Corporation (KSCDC),https://kscdc.net,"[""KSCDC"",""Kerala SC Finance"",""SC Loan Kerala""]",,TRUE,Yes,Yes,SC & ST,Kerala,State,?3 lakh per annum
127,SC/ST Corporation Loan Schemes – Kerala,entrepreneurship,"Finance corporation loan schemes for SC/ST in Kerala via KSCDC – self-employment, housing, education, agriculture.",,3,,10,4,6,,,,,"[""self_employment"",""housing"",""education"",""agriculture""]",FALSE,Income ??3 lakh p.a. Various loan products at 4–6% p.a.,TRUE,,all,,,,,,official,2026-09-25,financing,Kerala Scheduled Castes Development Corporation (KSCDC),https://kscdc.net,"[""KSCDC Loan Kerala"",""SC Corp Kerala""]",,TRUE,Yes,Yes,SC & ST,Kerala,State,?3 lakh per annum
128,SC/ST Skill Development Schemes – Kerala,skill_development,Skill development and vocational training for SC/ST youth in Kerala via KSCDC and skill centres.,,,,,,,,,,,"[""skill_training"",""vocational"",""placement""]",FALSE,"Free training, stipend. SC/ST priority. Placement support.",TRUE,,all,,,,,,official,2026-09-25,informational,Government of Kerala / KSCDC / Skill Dev Dept,https://kscdc.net,"[""SC Skill Kerala"",""Kerala SC ST Skill""]",,FALSE,Yes,Yes,SC & ST,Kerala,State,No income limit
129,SC/ST Agricultural Assistance – Kerala,welfare,"Agricultural assistance for SC/ST farmers in Kerala – land distribution, equipment subsidy, input subsidy with enhanced rates.",,,,,,,,,,,"[""agriculture"",""land"",""subsidy"",""equipment""]",FALSE,SC/ST farmers get land distribution priority. 90% subsidy on agricultural equipment.,TRUE,,all,,,,,,official,2026-09-25,informational,Government of Kerala / Agriculture Dept,https://agri.kerala.gov.in,"[""SC Agriculture Kerala"",""Kerala SC Farmer Scheme""]",,FALSE,Yes,Yes,SC & ST,Kerala,State,No income limit
130,Post-Matric Scholarship for SC Students – Rajasthan,education_loan,State post-matric scholarship for SC students in Rajasthan for Classes XI to PhD covering maintenance and tuition.,,2.5,,,,,,,,,"[""education"",""scholarship"",""post_matric""]",TRUE,Income ??2.5 lakh p.a. Implemented via SSO Rajasthan portal.,TRUE,,all,,,,,,official,2026-09-25,scholarship,Government of Rajasthan / Social Justice & Empowerment Dept,https://sje.rajasthan.gov.in,"[""Post Matric Scholarship Rajasthan SC"",""PMS SC Rajasthan""]",,FALSE,Yes,No,SC Only,Rajasthan,State,?2.5 lakh per annum
131,Pre-Matric Scholarship for SC Students – Rajasthan,education_loan,State pre-matric scholarship for SC students in Classes IX–X in Rajasthan covering maintenance and books.,,2,,,,,,,,,"[""education"",""scholarship"",""pre_matric""]",TRUE,Income ??2 lakh p.a.,TRUE,,all,,,,,,official,2026-09-25,scholarship,Government of Rajasthan / Social Justice & Empowerment Dept,https://sje.rajasthan.gov.in,"[""Pre Matric Scholarship Rajasthan SC""]",,FALSE,Yes,No,SC Only,Rajasthan,State,?2 lakh per annum
132,Rajasthan SC Finance & Development Cooperative Corporation Schemes,entrepreneurship,"Loan and subsidy schemes for SC entrepreneurs in Rajasthan via RSCFDC – self-employment, agriculture, education.",,3,,10,4,6,,,,,"[""self_employment"",""agriculture"",""services"",""education""]",FALSE,Income ??3 lakh p.a. Loans at 4–6% p.a.,TRUE,,all,,,,,,official,2026-09-25,financing,Rajasthan SC/ST Finance & Development Cooperative Corporation (RSCFDC),https://sje.rajasthan.gov.in,"[""RSCFDC"",""Rajasthan SC Finance Corporation""]",,TRUE,Yes,No,SC Only,Rajasthan,State,?3 lakh per annum
133,Mukhyamantri SC Swarojgar Yojana – Rajasthan,entrepreneurship,Self-employment loan for SC youth in Rajasthan with interest subsidy and margin money support via state finance corporation.,,,0.5,10,5,10,,,,,"[""self_employment"",""manufacturing"",""services"",""trade""]",FALSE,Loan up to ?10 lakh. Interest subsidy 5% for 5 years. No income limit.,TRUE,,all,,,,,,official,2026-09-25,financing,Government of Rajasthan / Social Justice Dept,https://sje.rajasthan.gov.in,"[""SC Swarojgar Rajasthan"",""CM SC Self Employment Rajasthan""]",,TRUE,Yes,No,SC Only,Rajasthan,State,No income limit
134,SC Hostel Schemes – Rajasthan,welfare,Government hostels for SC students in Rajasthan pursuing higher education – free boarding and lodging.,,,,,,,,,,,"[""hostel"",""student_accommodation""]",FALSE,Free accommodation. SC students in Classes XI and above.,TRUE,,all,,,,,,official,2026-09-25,informational,Government of Rajasthan / Social Justice Dept,https://sje.rajasthan.gov.in,"[""SC Hostel Rajasthan"",""Rajasthan SC Student Hostel""]",,FALSE,Yes,No,SC Only,Rajasthan,State,No income limit
135,SC/ST Coaching Scheme – Rajasthan,skill_development,Free coaching for SC/ST students in Rajasthan for competitive and entrance exams at empanelled coaching institutes.,,8,,,,,,,,,"[""coaching"",""competitive_exam"",""entrance_exam""]",FALSE,Income ??8 lakh p.a. Rajasthan domicile. SC/ST students.,TRUE,,all,,,,,,official,2026-09-25,informational,Government of Rajasthan / Social Justice Dept,https://sje.rajasthan.gov.in,"[""SC Coaching Rajasthan"",""SC ST Coaching Rajasthan""]",,FALSE,Yes,Yes,SC & ST,Rajasthan,State,?8 lakh per annum
136,Dr. Ambedkar Awas Yojana – Rajasthan,welfare,Housing assistance for SC BPL families in Rajasthan complementing PMAY-G – state top-up grant.,,,,,,,,,,,"[""housing"",""rural_housing""]",FALSE,"SC BPL families. State top-up of ?50,000 on PMAY-G assistance.",TRUE,,all,,,,,,official,2026-09-25,informational,Government of Rajasthan / Rural Development Dept,https://sje.rajasthan.gov.in,"[""Ambedkar Awas Rajasthan"",""SC Housing Rajasthan""]",,FALSE,Yes,No,SC Only,Rajasthan,State,BPL list
137,Post-Matric Scholarship for SC Students – UP,education_loan,State post-matric scholarship for SC students in Uttar Pradesh for Classes XI to PhD.,,2.5,,,,,,,,,"[""education"",""scholarship"",""post_matric""]",TRUE,Income ??2.5 lakh p.a. Implemented via UP Scholarship portal.,TRUE,,all,,,,,,official,2026-09-25,scholarship,Government of UP / Social Justice & Empowerment Dept,https://scholarship.up.gov.in,"[""Post Matric Scholarship UP SC"",""PMS SC UP""]",,FALSE,Yes,No,SC Only,Uttar Pradesh,State,?2.5 lakh per annum
138,Pre-Matric Scholarship for SC Students – UP,education_loan,State pre-matric scholarship for SC students in Classes IX–X in Uttar Pradesh.,,2,,,,,,,,,"[""education"",""scholarship"",""pre_matric""]",TRUE,Income ??2 lakh p.a. UP Scholarship portal.,TRUE,,all,,,,,,official,2026-09-25,scholarship,Government of UP / Social Justice & Empowerment Dept,https://scholarship.up.gov.in,"[""Pre Matric Scholarship UP SC""]",,FALSE,Yes,No,SC Only,Uttar Pradesh,State,?2 lakh per annum
139,UP SC Finance & Development Corporation (UPSCFDC) Schemes,entrepreneurship,Loan and subsidy schemes for SC entrepreneurs in Uttar Pradesh via UPSCFDC.,,3,,10,4,6,,,,,"[""self_employment"",""agriculture"",""services"",""manufacturing""]",FALSE,Income ??3 lakh p.a. Loans at 4–6% p.a. Covers all productive sectors.,TRUE,,all,,,,,,official,2026-09-25,financing,Uttar Pradesh SC Finance & Development Corporation (UPSCFDC),https://upscholarship.gov.in,"[""UPSCFDC"",""UP SC Finance Corporation""]",,TRUE,Yes,No,SC Only,Uttar Pradesh,State,?3 lakh per annum
140,Ambedkar Village Yojana – UP,welfare,"Integrated development of SC-majority villages in UP – roads, housing, electricity, drinking water, skill training.",,,,,,,,,,,"[""village_development"",""infrastructure"",""housing"",""livelihood""]",FALSE,SC-majority villages (>50% SC population). Infrastructure and livelihood components.,TRUE,,all,,,,,,official,2026-09-25,informational,Government of UP / Social Justice Dept,https://socialwelfare.up.gov.in,"[""Ambedkar Village UP"",""SC Village Development UP""]",,FALSE,Yes,No,SC Only,Uttar Pradesh,State,No income limit
141,SC Hostel Schemes – UP,welfare,Government hostels for SC students in UP – Dr. Ambedkar hostels for boys and girls pursuing higher education.,,,,,,,,,,,"[""hostel"",""student_accommodation""]",FALSE,Free boarding and lodging. SC students in Classes XI and above.,TRUE,,all,,,,,,official,2026-09-25,informational,Government of UP / Social Justice Dept,https://socialwelfare.up.gov.in,"[""SC Hostel UP"",""Ambedkar Hostel UP""]",,FALSE,Yes,No,SC Only,Uttar Pradesh,State,No income limit
142,Mukhyamantri SC Self-Employment Scheme – UP,entrepreneurship,Self-employment loan for SC individuals in UP with interest subsidy and margin money support.,,3,0.1,5,4,6,,,,,"[""self_employment"",""trade"",""services"",""manufacturing""]",FALSE,Income ??3 lakh p.a. Loan up to ?5 lakh at 4% p.a. via UPSCFDC.,TRUE,,all,,,,,,official,2026-09-25,financing,Uttar Pradesh SC Finance & Development Corporation (UPSCFDC),https://socialwelfare.up.gov.in,"[""CM SC Self Employment UP"",""SC Loan UP""]",,TRUE,Yes,No,SC Only,Uttar Pradesh,State,?3 lakh per annum
143,Savitribai Phule Balika Shiksha Madad Yojana – UP,education_loan,"Education support for SC girl students in UP – scholarship, bicycle, uniform grant for girl students in Classes IX–XII.",,2.5,,,,,,,,,"[""education"",""girl_student"",""scholarship"",""bicycle""]",TRUE,"Income ??2.5 lakh p.a. SC girl students in Classes IX–XII. Free bicycle, scholarship.",TRUE,,women_only,,,,,,official,2026-09-25,scholarship,Government of UP / Social Justice Dept,https://socialwelfare.up.gov.in,"[""Savitribai Phule Yojana UP"",""SC Girl Scholarship UP""]",,FALSE,Yes,No,SC Only,Uttar Pradesh,State,?2.5 lakh per annum
144,SC/ST Skill Development Programme – UP,skill_development,"Skill development and vocational training for SC/ST youth in UP via ITIs, skill centres and PMKVY.",,,,,,,,,,,"[""skill_training"",""vocational"",""iti"",""placement""]",FALSE,Free training. SC/ST priority. Placement support.,TRUE,,all,,,,,,official,2026-09-25,informational,Government of UP / Skill Dev Dept,https://upsdm.gov.in,"[""SC Skill UP"",""SC ST Skill Uttar Pradesh""]",,FALSE,Yes,Yes,SC & ST,Uttar Pradesh,State,No income limit
145,Post-Matric Scholarship for SC Students – Bihar,education_loan,State post-matric scholarship for SC students in Bihar for Classes XI to PhD.,,2.5,,,,,,,,,"[""education"",""scholarship"",""post_matric""]",TRUE,Income ??2.5 lakh p.a. Implemented via Bihar Student Credit Card portal.,TRUE,,all,,,,,,official,2026-09-25,scholarship,Government of Bihar / BC/EBC Welfare Dept,https://state.bihar.gov.in,"[""Post Matric Scholarship Bihar SC"",""PMS SC Bihar""]",,FALSE,Yes,No,SC Only,Bihar,State,?2.5 lakh per annum
146,Pre-Matric Scholarship for SC Students – Bihar,education_loan,State pre-matric scholarship for SC students in Classes IX–X in Bihar.,,2,,,,,,,,,"[""education"",""scholarship"",""pre_matric""]",TRUE,Income ??2 lakh p.a.,TRUE,,all,,,,,,official,2026-09-25,scholarship,Government of Bihar / BC/EBC Welfare Dept,https://state.bihar.gov.in,"[""Pre Matric Scholarship Bihar SC""]",,FALSE,Yes,No,SC Only,Bihar,State,?2 lakh per annum
147,Bihar SC Finance & Development Corporation Schemes,entrepreneurship,"Loan and subsidy schemes for SC entrepreneurs in Bihar – self-employment, education, agriculture via BSCFDC.",,3,,10,4,6,,,,,"[""self_employment"",""agriculture"",""services"",""education""]",FALSE,Income ??3 lakh p.a. Loans at 4–6% p.a.,TRUE,,all,,,,,,official,2026-09-25,financing,Bihar Scheduled Castes Finance & Development Corporation (BSCFDC),https://bscfdc.bih.nic.in,"[""BSCFDC"",""Bihar SC Finance Corporation""]",,TRUE,Yes,No,SC Only,Bihar,State,?3 lakh per annum
148,Mukhyamantri SC/ST Udyami Yojana – Bihar,entrepreneurship,"?10 lakh interest-free loan for SC/ST entrepreneurs in Bihar to set up new enterprises – manufacturing, services, food processing.",,,1,10,0,0,,,,,"[""manufacturing"",""services"",""food_processing"",""startup""]",FALSE,Interest-free loan ?10 lakh (50% grant + 50% interest-free loan). Age 18–50. SC/ST domicile in Bihar.,TRUE,,all,18,50,,,,official,2026-09-25,financing,Government of Bihar / Industries Dept,https://udyami.bihar.gov.in,"[""CM SC ST Udyami Bihar"",""Bihar SC Entrepreneur Scheme""]",,FALSE,Yes,Yes,SC & ST,Bihar,State,No income limit
149,SC Hostel Schemes – Bihar,welfare,Government hostels for SC students in Bihar – Dr. Ambedkar hostels for boys and girls.,,,,,,,,,,,"[""hostel"",""student_accommodation""]",FALSE,Free boarding and lodging. SC students in Classes XI and above.,TRUE,,all,,,,,,official,2026-09-25,informational,Government of Bihar / BC/EBC Welfare Dept,https://state.bihar.gov.in,"[""SC Hostel Bihar"",""Ambedkar Hostel Bihar""]",,FALSE,Yes,No,SC Only,Bihar,State,No income limit
150,Kushal Yuva Programme SC/ST – Bihar,skill_development,"Skill development for SC/ST youth in Bihar under KYP – soft skills, communication, IT skills, with priority enrolment.",,,,,,,,,,,"[""skill_training"",""it_skills"",""communication"",""soft_skills""]",FALSE,SC/ST youth aged 15–25. Free training. Certificate on completion. Priority enrolment.,TRUE,,all,,,,,,official,2026-09-25,informational,Government of Bihar / Education Dept,https://skillmissionbihar.org,"[""KYP SC Bihar"",""Kushal Yuva Bihar SC""]",,FALSE,Yes,Yes,SC & ST,Bihar,State,No income limit
151,SC Residential Schools – Bihar,education_loan,"Residential schools for SC students in Bihar – free education, boarding, lodging, uniform, books.",,,,,,,,,,,"[""education"",""residential_school"",""hostel""]",FALSE,SC students in Classes VI–XII. 100% state-funded. Priority for BPL SC families.,TRUE,,all,,,,,,official,2026-09-25,informational,Government of Bihar / BC/EBC Welfare Dept,https://state.bihar.gov.in,"[""SC Residential School Bihar"",""SC School Bihar""]",,FALSE,Yes,No,SC Only,Bihar,State,BPL / No income limit
152,Post-Matric Scholarship for SC Students – Punjab,education_loan,State post-matric scholarship for SC students in Punjab for Classes XI to PhD.,,2.5,,,,,,,,,"[""education"",""scholarship"",""post_matric""]",TRUE,Income ??2.5 lakh p.a. Punjab scholarship portal.,TRUE,,all,,,,,,official,2026-09-25,scholarship,Government of Punjab / Social Justice & Empowerment Dept,https://punjab.gov.in,"[""Post Matric Scholarship Punjab SC"",""PMS SC Punjab""]",,FALSE,Yes,No,SC Only,Punjab,State,?2.5 lakh per annum
153,Dr. Ambedkar Scholarship Scheme – Punjab,education_loan,Merit-cum-means scholarship for SC students in Punjab for higher education at merit-based selection.,,4,,,,,,,,,"[""education"",""merit_scholarship"",""graduation"",""post_graduation""]",TRUE,Income ??4 lakh p.a. For meritorious SC students in graduate and post-graduate courses.,TRUE,,all,,,,,,official,2026-09-25,scholarship,Government of Punjab / Social Justice & Empowerment Dept,https://punjab.gov.in,"[""Ambedkar Scholarship Punjab"",""SC Merit Scholarship Punjab""]",,FALSE,Yes,No,SC Only,Punjab,State,?4 lakh per annum
154,Punjab SC Land Development & Finance Corporation Schemes,entrepreneurship,"Loan and subsidy for SC entrepreneurs in Punjab – self-employment, agriculture, housing, transport via PSCLDFC.",,3,,10,4,6,,,,,"[""self_employment"",""agriculture"",""housing"",""transport"",""services""]",FALSE,Income ??3 lakh p.a. Loans at 4–6% p.a.,TRUE,,all,,,,,,official,2026-09-25,financing,Punjab Scheduled Caste Land Development & Finance Corporation (PSCLDFC),https://punjab.gov.in,"[""PSCLDFC"",""Punjab SC Finance Corporation""]",,TRUE,Yes,No,SC Only,Punjab,State,?3 lakh per annum
155,SC Hostel Schemes – Punjab,welfare,Government hostels for SC students in Punjab pursuing higher education – free boarding and lodging.,,,,,,,,,,,"[""hostel"",""student_accommodation""]",FALSE,Free accommodation. SC students in Classes XI and above.,TRUE,,all,,,,,,official,2026-09-25,informational,Government of Punjab / Social Justice Dept,https://punjab.gov.in,"[""SC Hostel Punjab"",""Punjab SC Student Hostel""]",,FALSE,Yes,No,SC Only,Punjab,State,No income limit
156,Atta-Dal Scheme – Punjab (SC),welfare,Subsidised food grains (atta and dal) for SC BPL families in Punjab – 35 kg atta at ?2/kg and 2 kg dal at ?20/kg per month.,,,,,,,,,,,"[""food_security"",""ration"",""welfare""]",FALSE,"SC BPL families in Punjab. Monthly ration: 35 kg atta at ?2/kg, 2 kg dal at ?20/kg.",TRUE,,all,,,,,,official,2026-09-25,informational,Government of Punjab / Food & Civil Supplies,https://punjab.gov.in,"[""Atta Dal Punjab"",""Food Security SC Punjab""]",,FALSE,Yes,No,SC Only,Punjab,State,BPL list
157,SC Self-Employment Schemes – Punjab,entrepreneurship,"Self-employment finance for SC individuals in Punjab via PSCLDFC – trade, services, manufacturing, transport.",,3,,5,4,6,,,,,"[""self_employment"",""trade"",""services"",""manufacturing"",""transport""]",FALSE,Income ??3 lakh p.a. Loans at 4–6% p.a.,TRUE,,all,,,,,,official,2026-09-25,financing,Punjab Scheduled Caste Land Development & Finance Corporation,https://punjab.gov.in,"[""SC Loan Punjab"",""SC Self Employment Punjab""]",,TRUE,Yes,No,SC Only,Punjab,State,?3 lakh per annum
158,Post-Matric Scholarship for SC Students – Haryana,education_loan,State post-matric scholarship for SC students in Haryana for Classes XI to PhD.,,2.5,,,,,,,,,"[""education"",""scholarship"",""post_matric""]",TRUE,Income ??2.5 lakh p.a. Haryana scholarship portal.,TRUE,,all,,,,,,official,2026-09-25,scholarship,Government of Haryana / Welfare of SC/BC Dept,https://haryana.gov.in,"[""Post Matric Scholarship Haryana SC"",""PMS SC Haryana""]",,FALSE,Yes,No,SC Only,Haryana,State,?2.5 lakh per annum
159,Haryana SC Finance & Development Corporation Schemes,entrepreneurship,"Loan and subsidy schemes for SC entrepreneurs in Haryana – self-employment, agriculture, housing via HSFDC.",,3,,10,4,6,,,,,"[""self_employment"",""agriculture"",""housing"",""services""]",FALSE,Income ??3 lakh p.a. Loans at 4–6% p.a.,TRUE,,all,,,,,,official,2026-09-25,financing,Haryana Scheduled Castes Finance & Development Corporation (HSCFDC),https://haryana.gov.in,"[""HSCFDC"",""Haryana SC Finance Corporation""]",,TRUE,Yes,No,SC Only,Haryana,State,?3 lakh per annum
160,Mukhyamantri Parivar Samridhi Yojana – Haryana (SC),welfare,"Social security scheme for SC families in Haryana with income ??1.80 lakh – insurance, pension, maternity, and accident benefit.",,1.8,,,,,,,,,"[""social_security"",""insurance"",""pension"",""maternity""]",FALSE,"Family income ??1.80 lakh p.a. Life insurance ?2L, accident insurance ?2L, pension ?3K/month, maternity ?6K. SC families covered.",TRUE,,all,,,,,,official,2026-09-25,informational,Government of Haryana / Finance Dept,https://cm-psy.haryana.gov.in,"[""MMPSY Haryana"",""CM Parivar Samridhi SC Haryana""]",,FALSE,Yes,No,SC Only,Haryana,State,?1.80 lakh per annum
161,SC Hostel Schemes – Haryana,welfare,Government hostels for SC students in Haryana – Dr. Ambedkar hostels for boys and girls.,,,,,,,,,,,"[""hostel"",""student_accommodation""]",FALSE,Free accommodation. SC students in Classes XI and above.,TRUE,,all,,,,,,official,2026-09-25,informational,Government of Haryana / Welfare of SC/BC Dept,https://haryana.gov.in,"[""SC Hostel Haryana"",""Ambedkar Hostel Haryana""]",,FALSE,Yes,No,SC Only,Haryana,State,No income limit
162,Dr. B.R. Ambedkar Awas Navinikaran Yojana – Haryana,welfare,"Housing repair grant for SC families in Haryana – ?80,000 for repair/renovation of pucca house.",,,,,,,,,,,"[""housing"",""repair"",""welfare""]",FALSE,"SC BPL families. Grant ?80,000. No loan component.",TRUE,,all,,,,,,official,2026-09-25,informational,Government of Haryana / Welfare of SC/BC Dept,https://haryana.gov.in,"[""Ambedkar Awas Haryana"",""SC Housing Repair Haryana""]",,FALSE,Yes,No,SC Only,Haryana,State,BPL list
163,SC Self-Employment Scheme – Haryana,entrepreneurship,"Self-employment finance for SC individuals in Haryana – loans for trade, services, manufacturing via HSCFDC.",,3,,5,4,6,,,,,"[""self_employment"",""trade"",""services"",""manufacturing""]",FALSE,Income ??3 lakh p.a. Loans at 4–6% p.a.,TRUE,,all,,,,,,official,2026-09-25,financing,Haryana Scheduled Castes Finance & Development Corporation,https://haryana.gov.in,"[""SC Loan Haryana"",""SC Self Employment Haryana""]",,TRUE,Yes,No,SC Only,Haryana,State,?3 lakh per annum
164,Post-Matric Scholarship for SC Students – Andhra Pradesh,education_loan,State post-matric scholarship for SC students in Andhra Pradesh for Classes XI to PhD.,,2.5,,,,,,,,,"[""education"",""scholarship"",""post_matric""]",TRUE,Income ??2.5 lakh p.a. AP scholarship portal.,TRUE,,all,,,,,,official,2026-09-25,scholarship,Government of Andhra Pradesh / BC Welfare Dept,https://apepass.apcfss.in,"[""Post Matric Scholarship AP SC"",""ePass AP SC""]",,FALSE,Yes,No,SC Only,Andhra Pradesh,State,?2.5 lakh per annum
165,Jagananna Vidya Kanuka Scheme – AP (SC),education_loan,"Free school kit (uniform x2, shoes, socks, school bag, textbooks) for SC students in Classes I–X in Andhra Pradesh.",,,,,,,,,,,"[""education"",""school_kit"",""uniform"",""welfare""]",TRUE,For all SC students in govt/aided schools Classes I–X. No income limit.,TRUE,,all,,,,,,official,2026-09-25,scholarship,Government of Andhra Pradesh / Education Dept,https://ap.gov.in,"[""Vidya Kanuka AP"",""School Kit SC AP""]",,FALSE,Yes,No,SC Only,Andhra Pradesh,State,No income limit
166,AP SC Corporation Loan Schemes (APSCCFC),entrepreneurship,"Loan and subsidy for SC entrepreneurs in Andhra Pradesh via APSCCFC – self-employment, agriculture, housing.",,3,,10,4,6,,,,,"[""self_employment"",""agriculture"",""housing"",""services""]",FALSE,Income ??3 lakh p.a. Loans at 4–6% p.a.,TRUE,,all,,,,,,official,2026-09-25,financing,Andhra Pradesh SC Cooperative Finance Corporation (APSCCFC),https://apsccfc.ap.gov.in,"[""APSCCFC"",""AP SC Finance Corporation""]",,TRUE,Yes,No,SC Only,Andhra Pradesh,State,?3 lakh per annum
167,SC Hostel Schemes – Andhra Pradesh,welfare,"Government hostels for SC students in AP – free boarding, lodging, meals for SC students in Classes V–XII and college.",,,,,,,,,,,"[""hostel"",""student_accommodation""]",FALSE,Free accommodation. SC students.,TRUE,,all,,,,,,official,2026-09-25,informational,Government of Andhra Pradesh / SC Welfare Dept,https://apscwelfare.ap.gov.in,"[""SC Hostel AP"",""Andhra Pradesh SC Student Hostel""]",,FALSE,Yes,No,SC Only,Andhra Pradesh,State,No income limit
168,SC Self-Employment Schemes – Andhra Pradesh,entrepreneurship,"Self-employment finance for SC individuals in AP via APSCCFC – trade, services, manufacturing.",,3,,5,4,6,,,,,"[""self_employment"",""trade"",""services"",""manufacturing""]",FALSE,Income ??3 lakh p.a. Loans at 4–6% p.a.,TRUE,,all,,,,,,official,2026-09-25,financing,Andhra Pradesh SC Cooperative Finance Corporation,https://apsccfc.ap.gov.in,"[""SC Loan AP"",""SC Self Employment AP""]",,TRUE,Yes,No,SC Only,Andhra Pradesh,State,?3 lakh per annum
169,SC/ST Skill Development Schemes – Andhra Pradesh,skill_development,Skill development and vocational training for SC/ST youth in AP via APSCCFC and skill centres.,,,,,,,,,,,"[""skill_training"",""vocational"",""placement""]",FALSE,Free training. SC/ST priority. Placement support.,TRUE,,all,,,,,,official,2026-09-25,informational,Government of Andhra Pradesh / Skill Dev Dept,https://apssdc.in,"[""SC Skill AP"",""SC ST Skill Andhra Pradesh""]",,FALSE,Yes,Yes,SC & ST,Andhra Pradesh,State,No income limit
170,Post-Matric Scholarship for SC Students – Telangana,education_loan,State post-matric scholarship for SC students in Telangana for Classes XI to PhD.,,2.5,,,,,,,,,"[""education"",""scholarship"",""post_matric""]",TRUE,Income ??2.5 lakh p.a. Telangana scholarship portal.,TRUE,,all,,,,,,official,2026-09-25,scholarship,Government of Telangana / BC Welfare Dept,https://telanganaepass.cgg.gov.in,"[""Post Matric Scholarship Telangana SC"",""ePass Telangana SC""]",,FALSE,Yes,No,SC Only,Telangana,State,?2.5 lakh per annum
171,Telangana SC Corporation Loan Schemes (TSSCCFC),entrepreneurship,"Loan and subsidy for SC entrepreneurs in Telangana via TSSCCFC – self-employment, agriculture, housing, education.",,3,,10,4,6,,,,,"[""self_employment"",""agriculture"",""housing"",""education"",""services""]",FALSE,Income ??3 lakh p.a. Loans at 4–6% p.a.,TRUE,,all,,,,,,official,2026-09-25,financing,Telangana State SC Co-operative Finance Corporation (TSSCCFC),https://scbc.telangana.gov.in,"[""TSSCCFC"",""Telangana SC Finance Corporation""]",,TRUE,Yes,No,SC Only,Telangana,State,?3 lakh per annum
172,Dalit Bandhu Scheme – Telangana,entrepreneurship,?10 lakh investment support (grant) per SC family in Telangana to set up business – no repayment required.,,,,10,0,0,,,,,"[""enterprise"",""startup"",""manufacturing"",""services"",""agriculture"",""trade""]",FALSE,?10 lakh direct grant per SC household for enterprise. No loan component. Beneficiary selects their own enterprise.,TRUE,,all,,,,,,official,2026-09-25,financing,Government of Telangana / SC Development Dept,https://dalitbandhu.telangana.gov.in,"[""Dalit Bandhu"",""Telangana SC Grant""]",,FALSE,Yes,No,SC Only,Telangana,State,No income limit
173,SC Hostel Schemes – Telangana,welfare,"Government hostels for SC students in Telangana – free boarding, lodging, meals.",,,,,,,,,,,"[""hostel"",""student_accommodation""]",FALSE,Free accommodation and meals. SC students Classes V onwards.,TRUE,,all,,,,,,official,2026-09-25,informational,Government of Telangana / BC Welfare Dept,https://bcstudy.telangana.gov.in,"[""SC Hostel Telangana"",""Telangana SC Student Hostel""]",,FALSE,Yes,No,SC Only,Telangana,State,No income limit
174,SC Self-Employment Schemes – Telangana,entrepreneurship,"Self-employment finance for SC individuals in Telangana via TSSCCFC – loans for trade, services, manufacturing.",,3,,5,4,6,,,,,"[""self_employment"",""trade"",""services"",""manufacturing""]",FALSE,Income ??3 lakh p.a. Loans at 4–6% p.a.,TRUE,,all,,,,,,official,2026-09-25,financing,Telangana State SC Co-operative Finance Corporation,https://scbc.telangana.gov.in,"[""SC Loan Telangana"",""SC Self Employment Telangana""]",,TRUE,Yes,No,SC Only,Telangana,State,?3 lakh per annum
175,SC/ST Skill Development Schemes – Telangana,skill_development,Skill development and vocational training for SC/ST youth in Telangana via skill centres and TSSCCFC.,,,,,,,,,,,"[""skill_training"",""vocational"",""placement""]",FALSE,Free training. SC/ST priority. Placement support.,TRUE,,all,,,,,,official,2026-09-25,informational,Government of Telangana / Skill Dev Dept,https://telangana.gov.in,"[""SC Skill Telangana"",""SC ST Skill Telangana""]",,FALSE,Yes,Yes,SC & ST,Telangana,State,No income limit
176,Post-Matric Scholarship for SC Students – West Bengal,education_loan,State post-matric scholarship for SC students in West Bengal for Classes XI to PhD.,,2.5,,,,,,,,,"[""education"",""scholarship"",""post_matric""]",TRUE,Income ??2.5 lakh p.a. WB scholarship portal.,TRUE,,all,,,,,,official,2026-09-25,scholarship,Government of West Bengal / BC Welfare Dept,https://oasis.gov.in,"[""Post Matric Scholarship WB SC"",""OASIS Scholarship WB SC""]",,FALSE,Yes,No,SC Only,West Bengal,State,?2.5 lakh per annum
177,Aikyashree Scholarship – West Bengal (SC),education_loan,State scholarship for SC minority students in West Bengal for Classes I–XII and higher education.,,2.5,,,,,,,,,"[""education"",""scholarship"",""pre_matric"",""post_matric""]",TRUE,Income ??2.5 lakh p.a. WB scholarship portal. SC students.,TRUE,,all,,,,,,official,2026-09-25,scholarship,Government of West Bengal / Minority Affairs Dept,https://wbmdfcscholarship.in,"[""Aikyashree WB SC"",""West Bengal SC Scholarship""]",,FALSE,Yes,No,SC Only,West Bengal,State,?2.5 lakh per annum
178,West Bengal SC Development & Finance Corporation Schemes,entrepreneurship,"Loan and subsidy for SC entrepreneurs in WB via WBSCFDC – self-employment, agriculture, housing, education.",,3,,10,4,6,,,,,"[""self_employment"",""agriculture"",""housing"",""education"",""services""]",FALSE,Income ??3 lakh p.a. Loans at 4–6% p.a.,TRUE,,all,,,,,,official,2026-09-25,financing,West Bengal SC Development & Finance Corporation (WBSCFDC),https://wbscfdc.wb.gov.in,"[""WBSCFDC"",""West Bengal SC Finance Corporation""]",,TRUE,Yes,No,SC Only,West Bengal,State,?3 lakh per annum
179,SC Hostel Schemes – West Bengal,welfare,Government hostels for SC students in West Bengal – free boarding and lodging.,,,,,,,,,,,"[""hostel"",""student_accommodation""]",FALSE,Free accommodation. SC students in Classes XI and above.,TRUE,,all,,,,,,official,2026-09-25,informational,Government of West Bengal / BC Welfare Dept,https://wbmdfc.org,"[""SC Hostel WB"",""West Bengal SC Student Hostel""]",,FALSE,Yes,No,SC Only,West Bengal,State,No income limit
180,Sabooj Sathi Scheme – West Bengal (SC),education_loan,Free bicycle for SC students in Classes IX–XII in West Bengal to reduce dropout and improve school attendance.,,,,,,,,,,,"[""bicycle"",""education_support"",""dropout_prevention""]",TRUE,For SC students in Classes IX–XII in govt schools. No income limit. One bicycle per student.,TRUE,,all,,,,,,official,2026-09-25,scholarship,Government of West Bengal / Education Dept,https://wbsed.gov.in,"[""Sabooj Sathi WB SC"",""Free Bicycle SC West Bengal""]",,FALSE,Yes,No,SC Only,West Bengal,State,No income limit
181,SC Self-Employment Schemes – West Bengal,entrepreneurship,"Self-employment finance for SC individuals in WB via WBSCFDC – trade, services, manufacturing.",,3,,5,4,6,,,,,"[""self_employment"",""trade"",""services"",""manufacturing""]",FALSE,Income ??3 lakh p.a. Loans at 4–6% p.a.,TRUE,,all,,,,,,official,2026-09-25,financing,West Bengal SC Development & Finance Corporation,https://wbscfdc.wb.gov.in,"[""SC Loan WB"",""SC Self Employment West Bengal""]",,TRUE,Yes,No,SC Only,West Bengal,State,?3 lakh per annum
182,Post-Matric Scholarship for SC Students – Odisha,education_loan,State post-matric scholarship for SC students in Odisha for Classes XI to PhD.,,2.5,,,,,,,,,"[""education"",""scholarship"",""post_matric""]",TRUE,Income ??2.5 lakh p.a. Odisha scholarship portal.,TRUE,,all,,,,,,official,2026-09-25,scholarship,Government of Odisha / SC/ST Dev Dept,https://scholarships.odisha.gov.in,"[""Post Matric Scholarship Odisha SC"",""PMS SC Odisha""]",,FALSE,Yes,No,SC Only,Odisha,State,?2.5 lakh per annum
183,Odisha SC Finance Corporation Schemes,entrepreneurship,"Loan and subsidy for SC entrepreneurs in Odisha via OSCFDC – self-employment, agriculture, education, housing.",,3,,10,4,6,,,,,"[""self_employment"",""agriculture"",""education"",""housing"",""services""]",FALSE,Income ??3 lakh p.a. Loans at 4–6% p.a.,TRUE,,all,,,,,,official,2026-09-25,financing,Odisha Scheduled Castes Finance Corporation (OSCFDC),https://oscfdc.nic.in,"[""OSCFDC"",""Odisha SC Finance Corporation""]",,TRUE,Yes,No,SC Only,Odisha,State,?3 lakh per annum
184,SC Hostel Schemes – Odisha,welfare,"Government hostels for SC students in Odisha – free boarding, lodging, meals.",,,,,,,,,,,"[""hostel"",""student_accommodation""]",FALSE,Free accommodation. SC students in Classes XI and above.,TRUE,,all,,,,,,official,2026-09-25,informational,Government of Odisha / SC/ST Dev Dept,https://scstodisha.gov.in,"[""SC Hostel Odisha"",""Odisha SC Student Hostel""]",,FALSE,Yes,No,SC Only,Odisha,State,No income limit
185,KALIA Scheme – Odisha (SC Farmers),welfare,"Financial support for SC small/marginal farmers in Odisha – ?25,000 over 5 seasons + life insurance + crop assistance.",,,,,,,,,,,"[""agriculture"",""income_support"",""farmers_welfare"",""insurance""]",FALSE,"?5,000 per season for 5 seasons. ?2 lakh life insurance. SC small/marginal farmers priority.",TRUE,,all,,,,,,official,2026-09-25,informational,Government of Odisha / Agriculture Dept,https://kalia.odisha.gov.in,"[""KALIA Odisha"",""Odisha Farmer Scheme SC""]",,FALSE,Yes,No,SC Only,Odisha,State,Small/marginal farmers
186,SC Self-Employment Schemes – Odisha,entrepreneurship,"Self-employment finance for SC individuals in Odisha via OSCFDC – trade, services, manufacturing.",,3,,5,4,6,,,,,"[""self_employment"",""trade"",""services"",""manufacturing""]",FALSE,Income ??3 lakh p.a. Loans at 4–6% p.a.,TRUE,,all,,,,,,official,2026-09-25,financing,Odisha Scheduled Castes Finance Corporation,https://oscfdc.nic.in,"[""SC Loan Odisha"",""SC Self Employment Odisha""]",,TRUE,Yes,No,SC Only,Odisha,State,?3 lakh per annum
187,Post-Matric Scholarship for SC Students – Himachal Pradesh,education_loan,State post-matric scholarship for SC students in HP for Classes XI to PhD.,,2.5,,,,,,,,,"[""education"",""scholarship"",""post_matric""]",TRUE,Income ??2.5 lakh p.a. HP scholarship portal.,TRUE,,all,,,,,,official,2026-09-25,scholarship,Government of Himachal Pradesh / Empowerment of Disadvantaged Dept,https://hpepass.cgg.gov.in,"[""Post Matric Scholarship HP SC"",""PMS SC Himachal Pradesh""]",,FALSE,Yes,No,SC Only,Himachal Pradesh,State,?2.5 lakh per annum
188,HP SC Finance Corporation Schemes,entrepreneurship,"Loan and subsidy for SC entrepreneurs in HP – self-employment, agriculture, housing via HP SC Finance Corporation.",,3,,10,4,6,,,,,"[""self_employment"",""agriculture"",""housing"",""services""]",FALSE,Income ??3 lakh p.a. Loans at 4–6% p.a.,TRUE,,all,,,,,,official,2026-09-25,financing,HP Scheduled Caste & Backward Classes Finance & Development Corporation,https://hpscbc.gov.in,"[""HPSCBC"",""Himachal Pradesh SC Finance Corporation""]",,TRUE,Yes,No,SC Only,Himachal Pradesh,State,?3 lakh per annum
189,SC Hostel Schemes – Himachal Pradesh,welfare,Government hostels for SC students in HP – free boarding and lodging.,,,,,,,,,,,"[""hostel"",""student_accommodation""]",FALSE,Free accommodation. SC students in Classes XI and above.,TRUE,,all,,,,,,official,2026-09-25,informational,Government of Himachal Pradesh / Empowerment of Disadvantaged Dept,https://hpepass.cgg.gov.in,"[""SC Hostel HP"",""Himachal Pradesh SC Student Hostel""]",,FALSE,Yes,No,SC Only,Himachal Pradesh,State,No income limit
190,Dr. Ambedkar Medhavi Chhatra Yojana – Himachal Pradesh,education_loan,Merit scholarship for SC students in HP for higher education – awarded on merit in Class X/XII board exams.,,4,,,,,,,,,"[""education"",""merit_scholarship"",""graduation""]",TRUE,Income ??4 lakh p.a. Merit-based. For SC students in graduation/post-graduation.,TRUE,,all,,,,,,official,2026-09-25,scholarship,Government of Himachal Pradesh,https://hpepass.cgg.gov.in,"[""Ambedkar Medhavi Yojana HP"",""SC Merit Scholarship HP""]",,FALSE,Yes,No,SC Only,Himachal Pradesh,State,?4 lakh per annum
191,Post-Matric Scholarship for SC Students – Uttarakhand,education_loan,State post-matric scholarship for SC students in Uttarakhand for Classes XI to PhD.,,2.5,,,,,,,,,"[""education"",""scholarship"",""post_matric""]",TRUE,Income ??2.5 lakh p.a. Uttarakhand scholarship portal.,TRUE,,all,,,,,,official,2026-09-25,scholarship,Government of Uttarakhand / Social Welfare Dept,https://scholarship.uk.gov.in,"[""Post Matric Scholarship Uttarakhand SC"",""PMS SC Uttarakhand""]",,FALSE,Yes,No,SC Only,Uttarakhand,State,?2.5 lakh per annum
192,Uttarakhand SC Finance Corporation Schemes,entrepreneurship,"Loan and subsidy for SC entrepreneurs in Uttarakhand – self-employment, agriculture via UK SC Finance Corporation.",,3,,10,4,6,,,,,"[""self_employment"",""agriculture"",""services"",""manufacturing""]",FALSE,Income ??3 lakh p.a. Loans at 4–6% p.a.,TRUE,,all,,,,,,official,2026-09-25,financing,Uttarakhand SC Finance Corporation,https://uk.gov.in,"[""UK SC Finance Corporation"",""Uttarakhand SC Loan""]",,TRUE,Yes,No,SC Only,Uttarakhand,State,?3 lakh per annum
193,SC Hostel Schemes – Uttarakhand,welfare,Government hostels for SC students in Uttarakhand – free boarding and lodging.,,,,,,,,,,,"[""hostel"",""student_accommodation""]",FALSE,Free accommodation. SC students in Classes XI and above.,TRUE,,all,,,,,,official,2026-09-25,informational,Government of Uttarakhand / Social Welfare Dept,https://uk.gov.in,"[""SC Hostel Uttarakhand""]",,FALSE,Yes,No,SC Only,Uttarakhand,State,No income limit
194,SC Self-Employment Schemes – Uttarakhand,entrepreneurship,"Self-employment finance for SC individuals in Uttarakhand – trade, services, manufacturing.",,3,,5,4,6,,,,,"[""self_employment"",""trade"",""services"",""manufacturing""]",FALSE,Income ??3 lakh p.a. Loans at 4–6% p.a.,TRUE,,all,,,,,,official,2026-09-25,financing,Uttarakhand SC Finance Corporation,https://uk.gov.in,"[""SC Loan Uttarakhand"",""SC Self Employment Uttarakhand""]",,TRUE,Yes,No,SC Only,Uttarakhand,State,?3 lakh per annum
195,Post-Matric Scholarship for SC Students – Chhattisgarh,education_loan,State post-matric scholarship for SC students in Chhattisgarh for Classes XI to PhD.,,2.5,,,,,,,,,"[""education"",""scholarship"",""post_matric""]",TRUE,Income ??2.5 lakh p.a.,TRUE,,all,,,,,,official,2026-09-25,scholarship,Government of Chhattisgarh / Social Justice Dept,https://cgscholarship.nic.in,"[""Post Matric Scholarship CG SC"",""PMS SC Chhattisgarh""]",,FALSE,Yes,No,SC Only,Chhattisgarh,State,?2.5 lakh per annum
196,Chhattisgarh SC Finance Corporation Schemes,entrepreneurship,"Loan and subsidy for SC entrepreneurs in Chhattisgarh – self-employment, agriculture, housing via CG SC Finance Corp.",,3,,10,4,6,,,,,"[""self_employment"",""agriculture"",""housing"",""services""]",FALSE,Income ??3 lakh p.a. Loans at 4–6% p.a.,TRUE,,all,,,,,,official,2026-09-25,financing,Chhattisgarh SC Finance Corporation,https://cgstate.gov.in,"[""CG SC Finance Corporation"",""Chhattisgarh SC Loan""]",,TRUE,Yes,No,SC Only,Chhattisgarh,State,?3 lakh per annum
197,SC Hostel Schemes – Chhattisgarh,welfare,Government hostels for SC students in Chhattisgarh – free boarding and lodging.,,,,,,,,,,,"[""hostel"",""student_accommodation""]",FALSE,Free accommodation. SC students in Classes XI and above.,TRUE,,all,,,,,,official,2026-09-25,informational,Government of Chhattisgarh / Social Justice Dept,https://cgstate.gov.in,"[""SC Hostel Chhattisgarh""]",,FALSE,Yes,No,SC Only,Chhattisgarh,State,No income limit
198,SC Self-Employment Schemes – Chhattisgarh,entrepreneurship,Self-employment finance for SC individuals in Chhattisgarh via CG SC Finance Corp.,,3,,5,4,6,,,,,"[""self_employment"",""trade"",""services"",""manufacturing""]",FALSE,Income ??3 lakh p.a. Loans at 4–6% p.a.,TRUE,,all,,,,,,official,2026-09-25,financing,Chhattisgarh SC Finance Corporation,https://cgstate.gov.in,"[""SC Loan Chhattisgarh""]",,TRUE,Yes,No,SC Only,Chhattisgarh,State,?3 lakh per annum
